[{"Id":1,"Pais":"Panama","Ciudad":"Colón","CodigoPais":"PA"},
{"Id":2,"Pais":"Dominica","Ciudad":"Pont Cassé","CodigoPais":"DM"},
{"Id":3,"Pais":"France","Ciudad":"Aix-en-Provence","CodigoPais":"FR"},
{"Id":4,"Pais":"Uzbekistan","Ciudad":"Qarshi","CodigoPais":"UZ"},
{"Id":5,"Pais":"Indonesia","Ciudad":"Pasauran","CodigoPais":"ID"},
{"Id":6,"Pais":"Spain","Ciudad":"Madrid","CodigoPais":"ES"},
{"Id":7,"Pais":"Russia","Ciudad":"Afanas’yeva","CodigoPais":"RU"},
{"Id":8,"Pais":"Serbia","Ciudad":"Bečej","CodigoPais":"RS"},
{"Id":9,"Pais":"China","Ciudad":"Yongping","CodigoPais":"CN"},
{"Id":10,"Pais":"Colombia","Ciudad":"Ráquira","CodigoPais":"CO"},
{"Id":11,"Pais":"Madagascar","Ciudad":"Morondava","CodigoPais":"MG"},
{"Id":12,"Pais":"China","Ciudad":"Shizi","CodigoPais":"CN"},
{"Id":13,"Pais":"Portugal","Ciudad":"Valinhos","CodigoPais":"PT"},
{"Id":14,"Pais":"Serbia","Ciudad":"Duboka","CodigoPais":"RS"},
{"Id":15,"Pais":"Japan","Ciudad":"Toyoshina","CodigoPais":"JP"},
{"Id":16,"Pais":"China","Ciudad":"Pingfeng","CodigoPais":"CN"},
{"Id":17,"Pais":"Argentina","Ciudad":"Gobernador Gálvez","CodigoPais":"AR"},
{"Id":18,"Pais":"Russia","Ciudad":"Kaa-Khem","CodigoPais":"RU"},
{"Id":19,"Pais":"Spain","Ciudad":"Palmas De Gran Canaria, Las","CodigoPais":"ES"},
{"Id":20,"Pais":"Philippines","Ciudad":"Bualan","CodigoPais":"PH"},
{"Id":21,"Pais":"Mongolia","Ciudad":"Naran-mandokhu Somon","CodigoPais":"MN"},
{"Id":22,"Pais":"China","Ciudad":"Xinglong","CodigoPais":"CN"},
{"Id":23,"Pais":"China","Ciudad":"Fangtian","CodigoPais":"CN"},
{"Id":24,"Pais":"China","Ciudad":"Pingdu","CodigoPais":"CN"},
{"Id":25,"Pais":"China","Ciudad":"Yunmen","CodigoPais":"CN"},
{"Id":26,"Pais":"Indonesia","Ciudad":"Kedungtuban","CodigoPais":"ID"},
{"Id":27,"Pais":"Bulgaria","Ciudad":"Shipka","CodigoPais":"BG"},
{"Id":28,"Pais":"China","Ciudad":"Leping","CodigoPais":"CN"},
{"Id":29,"Pais":"Brazil","Ciudad":"Cacequi","CodigoPais":"BR"},
{"Id":30,"Pais":"United States","Ciudad":"Young America","CodigoPais":"US"},
{"Id":31,"Pais":"Portugal","Ciudad":"Nogueira do Cravo","CodigoPais":"PT"},
{"Id":32,"Pais":"France","Ciudad":"Cergy-Pontoise","CodigoPais":"FR"},
{"Id":33,"Pais":"Ukraine","Ciudad":"Tymoshivka","CodigoPais":"UA"},
{"Id":34,"Pais":"Indonesia","Ciudad":"Lete","CodigoPais":"ID"},
{"Id":35,"Pais":"United States","Ciudad":"Little Rock","CodigoPais":"US"},
{"Id":36,"Pais":"Ukraine","Ciudad":"Lebedyn","CodigoPais":"UA"},
{"Id":37,"Pais":"France","Ciudad":"Armentières","CodigoPais":"FR"},
{"Id":38,"Pais":"Indonesia","Ciudad":"Sukamaju","CodigoPais":"ID"},
{"Id":39,"Pais":"France","Ciudad":"Lyon","CodigoPais":"FR"},
{"Id":40,"Pais":"Indonesia","Ciudad":"Campok","CodigoPais":"ID"},
{"Id":41,"Pais":"Greece","Ciudad":"Magoúla","CodigoPais":"GR"},
{"Id":42,"Pais":"El Salvador","Ciudad":"Santiago Nonualco","CodigoPais":"SV"},
{"Id":43,"Pais":"Thailand","Ciudad":"Nong Hin","CodigoPais":"TH"},
{"Id":44,"Pais":"Comoros","Ciudad":"Ziroudani","CodigoPais":"KM"},
{"Id":45,"Pais":"Venezuela","Ciudad":"Camatagua","CodigoPais":"VE"},
{"Id":46,"Pais":"Portugal","Ciudad":"Requião","CodigoPais":"PT"},
{"Id":47,"Pais":"Russia","Ciudad":"Tsil’na","CodigoPais":"RU"},
{"Id":48,"Pais":"Slovenia","Ciudad":"Hrastnik","CodigoPais":"SI"},
{"Id":49,"Pais":"Czech Republic","Ciudad":"Opočno","CodigoPais":"CZ"},
{"Id":50,"Pais":"Russia","Ciudad":"Abakan","CodigoPais":"RU"},
{"Id":51,"Pais":"China","Ciudad":"Jinjiang","CodigoPais":"CN"},
{"Id":52,"Pais":"United States","Ciudad":"Spring","CodigoPais":"US"},
{"Id":53,"Pais":"Indonesia","Ciudad":"Demak","CodigoPais":"ID"},
{"Id":54,"Pais":"Albania","Ciudad":"Kuçovë","CodigoPais":"AL"},
{"Id":55,"Pais":"Indonesia","Ciudad":"Wonotirto","CodigoPais":"ID"},
{"Id":56,"Pais":"China","Ciudad":"Huangbizhuang","CodigoPais":"CN"},
{"Id":57,"Pais":"China","Ciudad":"Zhendong","CodigoPais":"CN"},
{"Id":58,"Pais":"Honduras","Ciudad":"Baja Mar","CodigoPais":"HN"},
{"Id":59,"Pais":"Armenia","Ciudad":"Shaghat","CodigoPais":"AM"},
{"Id":60,"Pais":"Madagascar","Ciudad":"Amboasary","CodigoPais":"MG"},
{"Id":61,"Pais":"Yemen","Ciudad":"Manwakh","CodigoPais":"YE"},
{"Id":62,"Pais":"Senegal","Ciudad":"Diawara","CodigoPais":"SN"},
{"Id":63,"Pais":"Indonesia","Ciudad":"Negararatu","CodigoPais":"ID"},
{"Id":64,"Pais":"Indonesia","Ciudad":"Tanggungrejo","CodigoPais":"ID"},
{"Id":65,"Pais":"China","Ciudad":"Yajiang","CodigoPais":"CN"},
{"Id":66,"Pais":"China","Ciudad":"Tangzha","CodigoPais":"CN"},
{"Id":67,"Pais":"Portugal","Ciudad":"Quinta","CodigoPais":"PT"},
{"Id":68,"Pais":"Greece","Ciudad":"Néa Kíos","CodigoPais":"GR"},
{"Id":69,"Pais":"China","Ciudad":"Laojunpo","CodigoPais":"CN"},
{"Id":70,"Pais":"Japan","Ciudad":"Fujioka","CodigoPais":"JP"},
{"Id":71,"Pais":"Croatia","Ciudad":"Slobodnica","CodigoPais":"HR"},
{"Id":72,"Pais":"China","Ciudad":"Huating","CodigoPais":"CN"},
{"Id":73,"Pais":"Portugal","Ciudad":"Bairro de Santo António","CodigoPais":"PT"},
{"Id":74,"Pais":"China","Ciudad":"Tuguanpu","CodigoPais":"CN"},
{"Id":75,"Pais":"Estonia","Ciudad":"Kärdla","CodigoPais":"EE"},
{"Id":76,"Pais":"China","Ciudad":"Zhaizigou","CodigoPais":"CN"},
{"Id":77,"Pais":"Brazil","Ciudad":"São Sebastião do Caí","CodigoPais":"BR"},
{"Id":78,"Pais":"Madagascar","Ciudad":"Marolambo","CodigoPais":"MG"},
{"Id":79,"Pais":"Kazakhstan","Ciudad":"Ilyich","CodigoPais":"KZ"},
{"Id":80,"Pais":"Indonesia","Ciudad":"Karanglincak","CodigoPais":"ID"},
{"Id":81,"Pais":"Pakistan","Ciudad":"Dokri","CodigoPais":"PK"},
{"Id":82,"Pais":"Indonesia","Ciudad":"Kuma","CodigoPais":"ID"},
{"Id":83,"Pais":"Sweden","Ciudad":"Mölndal","CodigoPais":"SE"},
{"Id":84,"Pais":"China","Ciudad":"Banqiao","CodigoPais":"CN"},
{"Id":85,"Pais":"Tonga","Ciudad":"Neiafu","CodigoPais":"TO"},
{"Id":86,"Pais":"Sweden","Ciudad":"Skoghall","CodigoPais":"SE"},
{"Id":87,"Pais":"China","Ciudad":"Daze","CodigoPais":"CN"},
{"Id":88,"Pais":"Indonesia","Ciudad":"Gamping Lor","CodigoPais":"ID"},
{"Id":89,"Pais":"Ireland","Ciudad":"Piltown","CodigoPais":"IE"},
{"Id":90,"Pais":"Brazil","Ciudad":"Encantado","CodigoPais":"BR"},
{"Id":91,"Pais":"China","Ciudad":"Datangzhuang","CodigoPais":"CN"},
{"Id":92,"Pais":"China","Ciudad":"Yayao","CodigoPais":"CN"},
{"Id":93,"Pais":"Philippines","Ciudad":"New Washington","CodigoPais":"PH"},
{"Id":94,"Pais":"France","Ciudad":"Paris 08","CodigoPais":"FR"},
{"Id":95,"Pais":"United States","Ciudad":"Vancouver","CodigoPais":"US"},
{"Id":96,"Pais":"Russia","Ciudad":"Yelizavetinskoye","CodigoPais":"RU"},
{"Id":97,"Pais":"Nigeria","Ciudad":"Illela","CodigoPais":"NG"},
{"Id":98,"Pais":"Brazil","Ciudad":"Brejo da Madre de Deus","CodigoPais":"BR"},
{"Id":99,"Pais":"Canada","Ciudad":"Mont-Tremblant","CodigoPais":"CA"},
{"Id":100,"Pais":"China","Ciudad":"Jianjiang","CodigoPais":"CN"},
{"Id":101,"Pais":"Russia","Ciudad":"Chemal","CodigoPais":"RU"},
{"Id":102,"Pais":"Chile","Ciudad":"Arauco","CodigoPais":"CL"},
{"Id":103,"Pais":"Indonesia","Ciudad":"Sindangsari","CodigoPais":"ID"},
{"Id":104,"Pais":"Norway","Ciudad":"Oslo","CodigoPais":"NO"},
{"Id":105,"Pais":"Niger","Ciudad":"Téra","CodigoPais":"NE"},
{"Id":106,"Pais":"Japan","Ciudad":"Tonoshō","CodigoPais":"JP"},
{"Id":107,"Pais":"Colombia","Ciudad":"Cubará","CodigoPais":"CO"},
{"Id":108,"Pais":"China","Ciudad":"Jiangkou","CodigoPais":"CN"},
{"Id":109,"Pais":"Indonesia","Ciudad":"Tanjung","CodigoPais":"ID"},
{"Id":110,"Pais":"Israel","Ciudad":"Jerusalem","CodigoPais":"IL"},
{"Id":111,"Pais":"Portugal","Ciudad":"Estombar","CodigoPais":"PT"},
{"Id":112,"Pais":"Finland","Ciudad":"Hollola","CodigoPais":"FI"},
{"Id":113,"Pais":"China","Ciudad":"Wenchang","CodigoPais":"CN"},
{"Id":114,"Pais":"Russia","Ciudad":"Amga","CodigoPais":"RU"},
{"Id":115,"Pais":"Jamaica","Ciudad":"Ulster Spring","CodigoPais":"JM"},
{"Id":116,"Pais":"Georgia","Ciudad":"Sagarejo","CodigoPais":"GE"},
{"Id":117,"Pais":"China","Ciudad":"Yuquan","CodigoPais":"CN"},
{"Id":118,"Pais":"Greece","Ciudad":"Makrochóri","CodigoPais":"GR"},
{"Id":119,"Pais":"Czech Republic","Ciudad":"Heřmanova Huť","CodigoPais":"CZ"},
{"Id":120,"Pais":"Indonesia","Ciudad":"Bonak","CodigoPais":"ID"},
{"Id":121,"Pais":"Albania","Ciudad":"Peza e Madhe","CodigoPais":"AL"},
{"Id":122,"Pais":"Honduras","Ciudad":"La Jutosa","CodigoPais":"HN"},
{"Id":123,"Pais":"Indonesia","Ciudad":"Kadusimbar","CodigoPais":"ID"},
{"Id":124,"Pais":"Colombia","Ciudad":"Momil","CodigoPais":"CO"},
{"Id":125,"Pais":"China","Ciudad":"Xiamao","CodigoPais":"CN"},
{"Id":126,"Pais":"Japan","Ciudad":"Asahi","CodigoPais":"JP"},
{"Id":127,"Pais":"South Africa","Ciudad":"Komga","CodigoPais":"ZA"},
{"Id":128,"Pais":"China","Ciudad":"Shuiyang","CodigoPais":"CN"},
{"Id":129,"Pais":"Myanmar","Ciudad":"Mawlamyine","CodigoPais":"MM"},
{"Id":130,"Pais":"Mali","Ciudad":"Banamba","CodigoPais":"ML"},
{"Id":131,"Pais":"Russia","Ciudad":"Svetlyy Yar","CodigoPais":"RU"},
{"Id":132,"Pais":"United States","Ciudad":"Largo","CodigoPais":"US"},
{"Id":133,"Pais":"Brazil","Ciudad":"Caetité","CodigoPais":"BR"},
{"Id":134,"Pais":"Brazil","Ciudad":"Granja","CodigoPais":"BR"},
{"Id":135,"Pais":"Uruguay","Ciudad":"Rivera","CodigoPais":"UY"},
{"Id":136,"Pais":"France","Ciudad":"Paris La Défense","CodigoPais":"FR"},
{"Id":137,"Pais":"Philippines","Ciudad":"Buenavista","CodigoPais":"PH"},
{"Id":138,"Pais":"Bulgaria","Ciudad":"Sadovo","CodigoPais":"BG"},
{"Id":139,"Pais":"Nigeria","Ciudad":"Nkwerre","CodigoPais":"NG"},
{"Id":140,"Pais":"China","Ciudad":"Liwu","CodigoPais":"CN"},
{"Id":141,"Pais":"Portugal","Ciudad":"Alverca do Ribatejo","CodigoPais":"PT"},
{"Id":142,"Pais":"China","Ciudad":"Didou","CodigoPais":"CN"},
{"Id":143,"Pais":"Pakistan","Ciudad":"Quetta","CodigoPais":"PK"},
{"Id":144,"Pais":"Slovenia","Ciudad":"Polzela","CodigoPais":"SI"},
{"Id":145,"Pais":"Thailand","Ciudad":"Yan Nawa","CodigoPais":"TH"},
{"Id":146,"Pais":"Sweden","Ciudad":"Vällingby","CodigoPais":"SE"},
{"Id":147,"Pais":"Norway","Ciudad":"Oslo","CodigoPais":"NO"},
{"Id":148,"Pais":"China","Ciudad":"Shibi","CodigoPais":"CN"},
{"Id":149,"Pais":"Nepal","Ciudad":"Gulariyā","CodigoPais":"NP"},
{"Id":150,"Pais":"Canada","Ciudad":"Conception Bay South","CodigoPais":"CA"},
{"Id":151,"Pais":"Philippines","Ciudad":"Bobon","CodigoPais":"PH"},
{"Id":152,"Pais":"Israel","Ciudad":"Or Yehuda","CodigoPais":"IL"},
{"Id":153,"Pais":"France","Ciudad":"Cluses","CodigoPais":"FR"},
{"Id":154,"Pais":"Poland","Ciudad":"Rędziny","CodigoPais":"PL"},
{"Id":155,"Pais":"Indonesia","Ciudad":"Cibeureum Satu","CodigoPais":"ID"},
{"Id":156,"Pais":"China","Ciudad":"Mahekou","CodigoPais":"CN"},
{"Id":157,"Pais":"China","Ciudad":"Maji","CodigoPais":"CN"},
{"Id":158,"Pais":"Philippines","Ciudad":"Patao","CodigoPais":"PH"},
{"Id":159,"Pais":"Portugal","Ciudad":"Carvalhal da Aroeira","CodigoPais":"PT"},
{"Id":160,"Pais":"Yemen","Ciudad":"Qishn","CodigoPais":"YE"},
{"Id":161,"Pais":"Portugal","Ciudad":"Alcainça","CodigoPais":"PT"},
{"Id":162,"Pais":"Philippines","Ciudad":"Caronoan West","CodigoPais":"PH"},
{"Id":163,"Pais":"Russia","Ciudad":"Tashla","CodigoPais":"RU"},
{"Id":164,"Pais":"France","Ciudad":"Châtellerault","CodigoPais":"FR"},
{"Id":165,"Pais":"China","Ciudad":"Heqiao","CodigoPais":"CN"},
{"Id":166,"Pais":"Malta","Ciudad":"Żabbar","CodigoPais":"MT"},
{"Id":167,"Pais":"United States","Ciudad":"San Jose","CodigoPais":"US"},
{"Id":168,"Pais":"Bosnia and Herzegovina","Ciudad":"Teslić","CodigoPais":"BA"},
{"Id":169,"Pais":"Indonesia","Ciudad":"Faeanak Dua","CodigoPais":"ID"},
{"Id":170,"Pais":"Spain","Ciudad":"Sevilla","CodigoPais":"ES"},
{"Id":171,"Pais":"China","Ciudad":"Baishigou","CodigoPais":"CN"},
{"Id":172,"Pais":"Canada","Ciudad":"Stettler","CodigoPais":"CA"},
{"Id":173,"Pais":"Poland","Ciudad":"Środa Wielkopolska","CodigoPais":"PL"},
{"Id":174,"Pais":"Brazil","Ciudad":"Lago dos Rodrigues","CodigoPais":"BR"},
{"Id":175,"Pais":"Argentina","Ciudad":"Clorinda","CodigoPais":"AR"},
{"Id":176,"Pais":"Slovenia","Ciudad":"Šmartno pri Litiji","CodigoPais":"SI"},
{"Id":177,"Pais":"Indonesia","Ciudad":"Daniwato","CodigoPais":"ID"},
{"Id":178,"Pais":"Philippines","Ciudad":"Tomingad","CodigoPais":"PH"},
{"Id":179,"Pais":"Brazil","Ciudad":"Cachoeirinha","CodigoPais":"BR"},
{"Id":180,"Pais":"Norway","Ciudad":"Bodø","CodigoPais":"NO"},
{"Id":181,"Pais":"Russia","Ciudad":"Mikhaylovka","CodigoPais":"RU"},
{"Id":182,"Pais":"Philippines","Ciudad":"Quezon","CodigoPais":"PH"},
{"Id":183,"Pais":"Bulgaria","Ciudad":"Bov","CodigoPais":"BG"},
{"Id":184,"Pais":"Portugal","Ciudad":"A dos Cunhados","CodigoPais":"PT"},
{"Id":185,"Pais":"Croatia","Ciudad":"Slobodnica","CodigoPais":"HR"},
{"Id":186,"Pais":"Cambodia","Ciudad":"Smach Mean Chey","CodigoPais":"KH"},
{"Id":187,"Pais":"China","Ciudad":"Huangtu","CodigoPais":"CN"},
{"Id":188,"Pais":"Indonesia","Ciudad":"Bangunsari","CodigoPais":"ID"},
{"Id":189,"Pais":"Philippines","Ciudad":"Bolboc","CodigoPais":"PH"},
{"Id":190,"Pais":"Sweden","Ciudad":"Umeå","CodigoPais":"SE"},
{"Id":191,"Pais":"Mexico","Ciudad":"Zaragoza","CodigoPais":"MX"},
{"Id":192,"Pais":"Portugal","Ciudad":"Aranhas","CodigoPais":"PT"},
{"Id":193,"Pais":"Iraq","Ciudad":"Erbil","CodigoPais":"IQ"},
{"Id":194,"Pais":"Indonesia","Ciudad":"Ntobo","CodigoPais":"ID"},
{"Id":195,"Pais":"Indonesia","Ciudad":"Mernek","CodigoPais":"ID"},
{"Id":196,"Pais":"Afghanistan","Ciudad":"Chowṉêy","CodigoPais":"AF"},
{"Id":197,"Pais":"Norway","Ciudad":"Oslo","CodigoPais":"NO"},
{"Id":198,"Pais":"Dominican Republic","Ciudad":"Cambita Garabitos","CodigoPais":"DO"},
{"Id":199,"Pais":"Indonesia","Ciudad":"Sukamulya","CodigoPais":"ID"},
{"Id":200,"Pais":"France","Ciudad":"Roscoff","CodigoPais":"FR"},
{"Id":201,"Pais":"Philippines","Ciudad":"Panan","CodigoPais":"PH"},
{"Id":202,"Pais":"South Africa","Ciudad":"Kutloanong","CodigoPais":"ZA"},
{"Id":203,"Pais":"China","Ciudad":"Cicheng","CodigoPais":"CN"},
{"Id":204,"Pais":"Colombia","Ciudad":"Regidor","CodigoPais":"CO"},
{"Id":205,"Pais":"Brazil","Ciudad":"Cubatão","CodigoPais":"BR"},
{"Id":206,"Pais":"Canada","Ciudad":"North Cowichan","CodigoPais":"CA"},
{"Id":207,"Pais":"Greece","Ciudad":"Kastélli","CodigoPais":"GR"},
{"Id":208,"Pais":"China","Ciudad":"Andongwei","CodigoPais":"CN"},
{"Id":209,"Pais":"Poland","Ciudad":"Rudna Mała","CodigoPais":"PL"},
{"Id":210,"Pais":"China","Ciudad":"Guangyubao","CodigoPais":"CN"},
{"Id":211,"Pais":"Madagascar","Ciudad":"Ambatofinandrahana","CodigoPais":"MG"},
{"Id":212,"Pais":"Brazil","Ciudad":"Tucumã","CodigoPais":"BR"},
{"Id":213,"Pais":"Brazil","Ciudad":"Presidente Epitácio","CodigoPais":"BR"},
{"Id":214,"Pais":"Peru","Ciudad":"Tinta","CodigoPais":"PE"},
{"Id":215,"Pais":"United States","Ciudad":"Scottsdale","CodigoPais":"US"},
{"Id":216,"Pais":"China","Ciudad":"Jinjing","CodigoPais":"CN"},
{"Id":217,"Pais":"Yemen","Ciudad":"Jiḩānah","CodigoPais":"YE"},
{"Id":218,"Pais":"China","Ciudad":"Beijie","CodigoPais":"CN"},
{"Id":219,"Pais":"China","Ciudad":"Wangxian","CodigoPais":"CN"},
{"Id":220,"Pais":"Macedonia","Ciudad":"Ilinden","CodigoPais":"MK"},
{"Id":221,"Pais":"China","Ciudad":"Xinglongchang","CodigoPais":"CN"},
{"Id":222,"Pais":"Iraq","Ciudad":"Hīt","CodigoPais":"IQ"},
{"Id":223,"Pais":"Mexico","Ciudad":"Buenavista","CodigoPais":"MX"},
{"Id":224,"Pais":"Canada","Ciudad":"Carleton Place","CodigoPais":"CA"},
{"Id":225,"Pais":"Nigeria","Ciudad":"Abeokuta","CodigoPais":"NG"},
{"Id":226,"Pais":"Bulgaria","Ciudad":"Rakitovo","CodigoPais":"BG"},
{"Id":227,"Pais":"Indonesia","Ciudad":"Keli","CodigoPais":"ID"},
{"Id":228,"Pais":"Mexico","Ciudad":"Isidro Fabela","CodigoPais":"MX"},
{"Id":229,"Pais":"Poland","Ciudad":"Trzebinia","CodigoPais":"PL"},
{"Id":230,"Pais":"United States","Ciudad":"Sacramento","CodigoPais":"US"},
{"Id":231,"Pais":"Thailand","Ciudad":"Sila Lat","CodigoPais":"TH"},
{"Id":232,"Pais":"Iran","Ciudad":"Mīāndoāb","CodigoPais":"IR"},
{"Id":233,"Pais":"Philippines","Ciudad":"Calape","CodigoPais":"PH"},
{"Id":234,"Pais":"Portugal","Ciudad":"São João dos Montes","CodigoPais":"PT"},
{"Id":235,"Pais":"Argentina","Ciudad":"Ushuaia","CodigoPais":"AR"},
{"Id":236,"Pais":"China","Ciudad":"Nijiangping","CodigoPais":"CN"},
{"Id":237,"Pais":"Indonesia","Ciudad":"Banjarsari","CodigoPais":"ID"},
{"Id":238,"Pais":"China","Ciudad":"Luorong","CodigoPais":"CN"},
{"Id":239,"Pais":"China","Ciudad":"Tianshan","CodigoPais":"CN"},
{"Id":240,"Pais":"Russia","Ciudad":"Nyuksenitsa","CodigoPais":"RU"},
{"Id":241,"Pais":"Lithuania","Ciudad":"Silute","CodigoPais":"LT"},
{"Id":242,"Pais":"Luxembourg","Ciudad":"Müllendorf","CodigoPais":"LU"},
{"Id":243,"Pais":"Brazil","Ciudad":"Itacarambi","CodigoPais":"BR"},
{"Id":244,"Pais":"France","Ciudad":"Arras","CodigoPais":"FR"},
{"Id":245,"Pais":"Russia","Ciudad":"Tygda","CodigoPais":"RU"},
{"Id":246,"Pais":"Portugal","Ciudad":"Corujeira","CodigoPais":"PT"},
{"Id":247,"Pais":"Sweden","Ciudad":"Täby","CodigoPais":"SE"},
{"Id":248,"Pais":"France","Ciudad":"Sallanches","CodigoPais":"FR"},
{"Id":249,"Pais":"Vietnam","Ciudad":"Cầu Giát","CodigoPais":"VN"},
{"Id":250,"Pais":"Sri Lanka","Ciudad":"Mulleriyawa","CodigoPais":"LK"},
{"Id":251,"Pais":"Czech Republic","Ciudad":"Moravská Třebová","CodigoPais":"CZ"},
{"Id":252,"Pais":"China","Ciudad":"Xilin Hot","CodigoPais":"CN"},
{"Id":253,"Pais":"China","Ciudad":"Luoxi","CodigoPais":"CN"},
{"Id":254,"Pais":"Togo","Ciudad":"Lomé","CodigoPais":"TG"},
{"Id":255,"Pais":"Indonesia","Ciudad":"Halimaung Jaya (F-3)","CodigoPais":"ID"},
{"Id":256,"Pais":"Czech Republic","Ciudad":"Libice nad Cidlinou","CodigoPais":"CZ"},
{"Id":257,"Pais":"Indonesia","Ciudad":"Keboncau","CodigoPais":"ID"},
{"Id":258,"Pais":"China","Ciudad":"Sanshan","CodigoPais":"CN"},
{"Id":259,"Pais":"Greece","Ciudad":"Néa Karváli","CodigoPais":"GR"},
{"Id":260,"Pais":"Russia","Ciudad":"Satinka","CodigoPais":"RU"},
{"Id":261,"Pais":"China","Ciudad":"Xinyu","CodigoPais":"CN"},
{"Id":262,"Pais":"Indonesia","Ciudad":"Parengan","CodigoPais":"ID"},
{"Id":263,"Pais":"China","Ciudad":"Qiaogu","CodigoPais":"CN"},
{"Id":264,"Pais":"Russia","Ciudad":"Miskindzha","CodigoPais":"RU"},
{"Id":265,"Pais":"Portugal","Ciudad":"Meirinhas","CodigoPais":"PT"},
{"Id":266,"Pais":"China","Ciudad":"Yuanling","CodigoPais":"CN"},
{"Id":267,"Pais":"Ecuador","Ciudad":"Machala","CodigoPais":"EC"},
{"Id":268,"Pais":"Russia","Ciudad":"Chita","CodigoPais":"RU"},
{"Id":269,"Pais":"Philippines","Ciudad":"Bagahanlad","CodigoPais":"PH"},
{"Id":270,"Pais":"Russia","Ciudad":"Poretskoye","CodigoPais":"RU"},
{"Id":271,"Pais":"Philippines","Ciudad":"Buliok","CodigoPais":"PH"},
{"Id":272,"Pais":"Vietnam","Ciudad":"Kon Dơng","CodigoPais":"VN"},
{"Id":273,"Pais":"Indonesia","Ciudad":"Tugu","CodigoPais":"ID"},
{"Id":274,"Pais":"China","Ciudad":"Zhoukou","CodigoPais":"CN"},
{"Id":275,"Pais":"Poland","Ciudad":"Bąków","CodigoPais":"PL"},
{"Id":276,"Pais":"Peru","Ciudad":"Yanacancha","CodigoPais":"PE"},
{"Id":277,"Pais":"France","Ciudad":"Limoges","CodigoPais":"FR"},
{"Id":278,"Pais":"China","Ciudad":"Yingcheng","CodigoPais":"CN"},
{"Id":279,"Pais":"Greece","Ciudad":"Rizó","CodigoPais":"GR"},
{"Id":280,"Pais":"Philippines","Ciudad":"Rizal","CodigoPais":"PH"},
{"Id":281,"Pais":"United States","Ciudad":"Shawnee Mission","CodigoPais":"US"},
{"Id":282,"Pais":"Thailand","Ciudad":"Chatturat","CodigoPais":"TH"},
{"Id":283,"Pais":"Philippines","Ciudad":"Pasian","CodigoPais":"PH"},
{"Id":284,"Pais":"China","Ciudad":"Xinglongchang","CodigoPais":"CN"},
{"Id":285,"Pais":"China","Ciudad":"Laowobao","CodigoPais":"CN"},
{"Id":286,"Pais":"Philippines","Ciudad":"Villa Aglipay","CodigoPais":"PH"},
{"Id":287,"Pais":"Colombia","Ciudad":"Popayán","CodigoPais":"CO"},
{"Id":288,"Pais":"Thailand","Ciudad":"Sirindhorn","CodigoPais":"TH"},
{"Id":289,"Pais":"Philippines","Ciudad":"Itbayat","CodigoPais":"PH"},
{"Id":290,"Pais":"Indonesia","Ciudad":"Sungai Raya","CodigoPais":"ID"},
{"Id":291,"Pais":"Benin","Ciudad":"Ouidah","CodigoPais":"BJ"},
{"Id":292,"Pais":"Croatia","Ciudad":"Sukošan","CodigoPais":"HR"},
{"Id":293,"Pais":"Indonesia","Ciudad":"Dalamdesa Kalapadua","CodigoPais":"ID"},
{"Id":294,"Pais":"South Africa","Ciudad":"Ashton","CodigoPais":"ZA"},
{"Id":295,"Pais":"Dominican Republic","Ciudad":"Juan Santiago","CodigoPais":"DO"},
{"Id":296,"Pais":"Burkina Faso","Ciudad":"Diapaga","CodigoPais":"BF"},
{"Id":297,"Pais":"Indonesia","Ciudad":"Bojong","CodigoPais":"ID"},
{"Id":298,"Pais":"Mexico","Ciudad":"Guadalupe Victoria","CodigoPais":"MX"},
{"Id":299,"Pais":"Honduras","Ciudad":"San Antonio","CodigoPais":"HN"},
{"Id":300,"Pais":"Indonesia","Ciudad":"Kertosari","CodigoPais":"ID"},
{"Id":301,"Pais":"Nigeria","Ciudad":"Eha Amufu","CodigoPais":"NG"},
{"Id":302,"Pais":"Slovenia","Ciudad":"Lendava","CodigoPais":"SI"},
{"Id":303,"Pais":"United Kingdom","Ciudad":"Sutton","CodigoPais":"GB"},
{"Id":304,"Pais":"China","Ciudad":"Banyue","CodigoPais":"CN"},
{"Id":305,"Pais":"Bosnia and Herzegovina","Ciudad":"Hotonj","CodigoPais":"BA"},
{"Id":306,"Pais":"Gambia","Ciudad":"Brikama","CodigoPais":"GM"},
{"Id":307,"Pais":"China","Ciudad":"Gaoshan","CodigoPais":"CN"},
{"Id":308,"Pais":"Iran","Ciudad":"Bābol","CodigoPais":"IR"},
{"Id":309,"Pais":"Montenegro","Ciudad":"Budva","CodigoPais":"ME"},
{"Id":310,"Pais":"Russia","Ciudad":"Monino","CodigoPais":"RU"},
{"Id":311,"Pais":"China","Ciudad":"Baoxing","CodigoPais":"CN"},
{"Id":312,"Pais":"China","Ciudad":"Fuzhuang","CodigoPais":"CN"},
{"Id":313,"Pais":"Sweden","Ciudad":"Falun","CodigoPais":"SE"},
{"Id":314,"Pais":"China","Ciudad":"Huaidao","CodigoPais":"CN"},
{"Id":315,"Pais":"Syria","Ciudad":"Al Jawādīyah","CodigoPais":"SY"},
{"Id":316,"Pais":"China","Ciudad":"Guozhai","CodigoPais":"CN"},
{"Id":317,"Pais":"Portugal","Ciudad":"Aguiar da Beira","CodigoPais":"PT"},
{"Id":318,"Pais":"Philippines","Ciudad":"San Miguel","CodigoPais":"PH"},
{"Id":319,"Pais":"Portugal","Ciudad":"Boavista","CodigoPais":"PT"},
{"Id":320,"Pais":"Vietnam","Ciudad":"Thanh Khê","CodigoPais":"VN"},
{"Id":321,"Pais":"Indonesia","Ciudad":"Dukuhpicung","CodigoPais":"ID"},
{"Id":322,"Pais":"Tanzania","Ciudad":"Mtimbira","CodigoPais":"TZ"},
{"Id":323,"Pais":"Russia","Ciudad":"Mulino","CodigoPais":"RU"},
{"Id":324,"Pais":"Armenia","Ciudad":"Parravak’ar","CodigoPais":"AM"},
{"Id":325,"Pais":"Russia","Ciudad":"Ust’-Labinsk","CodigoPais":"RU"},
{"Id":326,"Pais":"China","Ciudad":"Daxing","CodigoPais":"CN"},
{"Id":327,"Pais":"Indonesia","Ciudad":"Godong","CodigoPais":"ID"},
{"Id":328,"Pais":"China","Ciudad":"Ganzhou","CodigoPais":"CN"},
{"Id":329,"Pais":"Mexico","Ciudad":"La Gloria","CodigoPais":"MX"},
{"Id":330,"Pais":"Indonesia","Ciudad":"Cibatuireng","CodigoPais":"ID"},
{"Id":331,"Pais":"South Africa","Ciudad":"Stutterheim","CodigoPais":"ZA"},
{"Id":332,"Pais":"China","Ciudad":"Gengqing","CodigoPais":"CN"},
{"Id":333,"Pais":"Botswana","Ciudad":"Metsemotlhaba","CodigoPais":"BW"},
{"Id":334,"Pais":"Burundi","Ciudad":"Cankuzo","CodigoPais":"BI"},
{"Id":335,"Pais":"Argentina","Ciudad":"Ushuaia","CodigoPais":"AR"},
{"Id":336,"Pais":"China","Ciudad":"Duishan","CodigoPais":"CN"},
{"Id":337,"Pais":"Thailand","Ciudad":"Sadao","CodigoPais":"TH"},
{"Id":338,"Pais":"Sweden","Ciudad":"Ljungby","CodigoPais":"SE"},
{"Id":339,"Pais":"South Africa","Ciudad":"Warmbaths","CodigoPais":"ZA"},
{"Id":340,"Pais":"Indonesia","Ciudad":"Sonder","CodigoPais":"ID"},
{"Id":341,"Pais":"Germany","Ciudad":"Berlin","CodigoPais":"DE"},
{"Id":342,"Pais":"France","Ciudad":"Reims","CodigoPais":"FR"},
{"Id":343,"Pais":"Mexico","Ciudad":"El Calvario","CodigoPais":"MX"},
{"Id":344,"Pais":"Belarus","Ciudad":"Rasony","CodigoPais":"BY"},
{"Id":345,"Pais":"Indonesia","Ciudad":"Cibatuireng","CodigoPais":"ID"},
{"Id":346,"Pais":"Russia","Ciudad":"Sosnovoborsk","CodigoPais":"RU"},
{"Id":347,"Pais":"Brazil","Ciudad":"Bastos","CodigoPais":"BR"},
{"Id":348,"Pais":"Portugal","Ciudad":"Feitoria","CodigoPais":"PT"},
{"Id":349,"Pais":"Poland","Ciudad":"Suchedniów","CodigoPais":"PL"},
{"Id":350,"Pais":"China","Ciudad":"Wenquan","CodigoPais":"CN"},
{"Id":351,"Pais":"China","Ciudad":"Huaidian","CodigoPais":"CN"},
{"Id":352,"Pais":"France","Ciudad":"Poitiers","CodigoPais":"FR"},
{"Id":353,"Pais":"Russia","Ciudad":"Sabnova","CodigoPais":"RU"},
{"Id":354,"Pais":"Czech Republic","Ciudad":"Olbramovice","CodigoPais":"CZ"},
{"Id":355,"Pais":"Georgia","Ciudad":"Ozurgeti","CodigoPais":"GE"},
{"Id":356,"Pais":"Guinea","Ciudad":"Koubia","CodigoPais":"GN"},
{"Id":357,"Pais":"China","Ciudad":"Shangdongjie","CodigoPais":"CN"},
{"Id":358,"Pais":"Greece","Ciudad":"Igoumenítsa","CodigoPais":"GR"},
{"Id":359,"Pais":"Sweden","Ciudad":"Vårgårda","CodigoPais":"SE"},
{"Id":360,"Pais":"Yemen","Ciudad":"Matnah","CodigoPais":"YE"},
{"Id":361,"Pais":"Brazil","Ciudad":"Arroio Grande","CodigoPais":"BR"},
{"Id":362,"Pais":"Russia","Ciudad":"Bizhbulyak","CodigoPais":"RU"},
{"Id":363,"Pais":"China","Ciudad":"Zhushan Chengguanzhen","CodigoPais":"CN"},
{"Id":364,"Pais":"Pakistan","Ciudad":"Khairpur","CodigoPais":"PK"},
{"Id":365,"Pais":"Russia","Ciudad":"Kuybyshevo","CodigoPais":"RU"},
{"Id":366,"Pais":"Tanzania","Ciudad":"Mugumu","CodigoPais":"TZ"},
{"Id":367,"Pais":"France","Ciudad":"Toulouse","CodigoPais":"FR"},
{"Id":368,"Pais":"Peru","Ciudad":"Pitumarca","CodigoPais":"PE"},
{"Id":369,"Pais":"Philippines","Ciudad":"Looc","CodigoPais":"PH"},
{"Id":370,"Pais":"Iran","Ciudad":"Anār","CodigoPais":"IR"},
{"Id":371,"Pais":"Bosnia and Herzegovina","Ciudad":"Kalenderovci Donji","CodigoPais":"BA"},
{"Id":372,"Pais":"United States","Ciudad":"Fargo","CodigoPais":"US"},
{"Id":373,"Pais":"China","Ciudad":"Gaotai","CodigoPais":"CN"},
{"Id":374,"Pais":"Tanzania","Ciudad":"Nyangao","CodigoPais":"TZ"},
{"Id":375,"Pais":"Russia","Ciudad":"Novobiryusinskiy","CodigoPais":"RU"},
{"Id":376,"Pais":"France","Ciudad":"Montluçon","CodigoPais":"FR"},
{"Id":377,"Pais":"Paraguay","Ciudad":"Caacupé","CodigoPais":"PY"},
{"Id":378,"Pais":"Indonesia","Ciudad":"Sasar","CodigoPais":"ID"},
{"Id":379,"Pais":"Burkina Faso","Ciudad":"Yako","CodigoPais":"BF"},
{"Id":380,"Pais":"Colombia","Ciudad":"Ipiales","CodigoPais":"CO"},
{"Id":381,"Pais":"France","Ciudad":"Roanne","CodigoPais":"FR"},
{"Id":382,"Pais":"Indonesia","Ciudad":"Denpasar","CodigoPais":"ID"},
{"Id":383,"Pais":"Poland","Ciudad":"Drawsko","CodigoPais":"PL"},
{"Id":384,"Pais":"Portugal","Ciudad":"Várzeas","CodigoPais":"PT"},
{"Id":385,"Pais":"Bosnia and Herzegovina","Ciudad":"Hadžići","CodigoPais":"BA"},
{"Id":386,"Pais":"Indonesia","Ciudad":"Guay","CodigoPais":"ID"},
{"Id":387,"Pais":"Cameroon","Ciudad":"Foumban","CodigoPais":"CM"},
{"Id":388,"Pais":"Pakistan","Ciudad":"Khāngāh Dogrān","CodigoPais":"PK"},
{"Id":389,"Pais":"Russia","Ciudad":"Pindushi","CodigoPais":"RU"},
{"Id":390,"Pais":"Indonesia","Ciudad":"Babakankadu","CodigoPais":"ID"},
{"Id":391,"Pais":"China","Ciudad":"Chengjiang","CodigoPais":"CN"},
{"Id":392,"Pais":"Morocco","Ciudad":"Itzer","CodigoPais":"MA"},
{"Id":393,"Pais":"Peru","Ciudad":"Cocachacra","CodigoPais":"PE"},
{"Id":394,"Pais":"Canada","Ciudad":"Delson","CodigoPais":"CA"},
{"Id":395,"Pais":"Moldova","Ciudad":"Ciorescu","CodigoPais":"MD"},
{"Id":396,"Pais":"Greece","Ciudad":"Arfará","CodigoPais":"GR"},
{"Id":397,"Pais":"Portugal","Ciudad":"Alvalade","CodigoPais":"PT"},
{"Id":398,"Pais":"Zambia","Ciudad":"Petauke","CodigoPais":"ZM"},
{"Id":399,"Pais":"Norway","Ciudad":"Bergen","CodigoPais":"NO"},
{"Id":400,"Pais":"Portugal","Ciudad":"Monte da Chaminé","CodigoPais":"PT"},
{"Id":401,"Pais":"Indonesia","Ciudad":"Sasa","CodigoPais":"ID"},
{"Id":402,"Pais":"China","Ciudad":"Fuxing","CodigoPais":"CN"},
{"Id":403,"Pais":"Indonesia","Ciudad":"Pagak","CodigoPais":"ID"},
{"Id":404,"Pais":"China","Ciudad":"Cihua","CodigoPais":"CN"},
{"Id":405,"Pais":"Uruguay","Ciudad":"Paso de Carrasco","CodigoPais":"UY"},
{"Id":406,"Pais":"China","Ciudad":"Liuqiao","CodigoPais":"CN"},
{"Id":407,"Pais":"Kosovo","Ciudad":"Vitina","CodigoPais":"XK"},
{"Id":408,"Pais":"China","Ciudad":"Ercheng","CodigoPais":"CN"},
{"Id":409,"Pais":"China","Ciudad":"Yunhe","CodigoPais":"CN"},
{"Id":410,"Pais":"Mongolia","Ciudad":"Tsagaanders","CodigoPais":"MN"},
{"Id":411,"Pais":"Faroe Islands","Ciudad":"Tvøroyri","CodigoPais":"FO"},
{"Id":412,"Pais":"Sweden","Ciudad":"Karlstad","CodigoPais":"SE"},
{"Id":413,"Pais":"Nigeria","Ciudad":"Kaltungo","CodigoPais":"NG"},
{"Id":414,"Pais":"Indonesia","Ciudad":"Sambiyan","CodigoPais":"ID"},
{"Id":415,"Pais":"Egypt","Ciudad":"Cairo","CodigoPais":"EG"},
{"Id":416,"Pais":"China","Ciudad":"Xindi","CodigoPais":"CN"},
{"Id":417,"Pais":"United States","Ciudad":"Tucson","CodigoPais":"US"},
{"Id":418,"Pais":"Japan","Ciudad":"Kuragaki-kosugi","CodigoPais":"JP"},
{"Id":419,"Pais":"Iran","Ciudad":"Bāgh-e Malek","CodigoPais":"IR"},
{"Id":420,"Pais":"France","Ciudad":"Bordeaux","CodigoPais":"FR"},
{"Id":421,"Pais":"China","Ciudad":"Zuobude","CodigoPais":"CN"},
{"Id":422,"Pais":"Philippines","Ciudad":"Adtugan","CodigoPais":"PH"},
{"Id":423,"Pais":"Russia","Ciudad":"Karagach","CodigoPais":"RU"},
{"Id":424,"Pais":"Pakistan","Ciudad":"Uthal","CodigoPais":"PK"},
{"Id":425,"Pais":"Canada","Ciudad":"Mascouche","CodigoPais":"CA"},
{"Id":426,"Pais":"Brazil","Ciudad":"Tucano","CodigoPais":"BR"},
{"Id":427,"Pais":"Indonesia","Ciudad":"Pordapor Barat","CodigoPais":"ID"},
{"Id":428,"Pais":"Netherlands","Ciudad":"Tilburg","CodigoPais":"NL"},
{"Id":429,"Pais":"Indonesia","Ciudad":"Hamonggolele","CodigoPais":"ID"},
{"Id":430,"Pais":"China","Ciudad":"Nanxing","CodigoPais":"CN"},
{"Id":431,"Pais":"Thailand","Ciudad":"Wat Bot","CodigoPais":"TH"},
{"Id":432,"Pais":"Portugal","Ciudad":"Rios Frios","CodigoPais":"PT"},
{"Id":433,"Pais":"China","Ciudad":"Jiuxian","CodigoPais":"CN"},
{"Id":434,"Pais":"China","Ciudad":"Tonglin","CodigoPais":"CN"},
{"Id":435,"Pais":"France","Ciudad":"Rodez","CodigoPais":"FR"},
{"Id":436,"Pais":"China","Ciudad":"Weibin","CodigoPais":"CN"},
{"Id":437,"Pais":"Philippines","Ciudad":"Pangao","CodigoPais":"PH"},
{"Id":438,"Pais":"Russia","Ciudad":"Osa","CodigoPais":"RU"},
{"Id":439,"Pais":"China","Ciudad":"Sanjiang","CodigoPais":"CN"},
{"Id":440,"Pais":"Kyrgyzstan","Ciudad":"Toktogul","CodigoPais":"KG"},
{"Id":441,"Pais":"Philippines","Ciudad":"Dangcalan","CodigoPais":"PH"},
{"Id":442,"Pais":"Brazil","Ciudad":"Timon","CodigoPais":"BR"},
{"Id":443,"Pais":"Palestinian Territory","Ciudad":"Bayt Sāḩūr","CodigoPais":"PS"},
{"Id":444,"Pais":"Russia","Ciudad":"Zeya","CodigoPais":"RU"},
{"Id":445,"Pais":"Philippines","Ciudad":"Gamay","CodigoPais":"PH"},
{"Id":446,"Pais":"China","Ciudad":"Duhu","CodigoPais":"CN"},
{"Id":447,"Pais":"Canada","Ciudad":"Sicamous","CodigoPais":"CA"},
{"Id":448,"Pais":"Angola","Ciudad":"Namibe","CodigoPais":"AO"},
{"Id":449,"Pais":"Indonesia","Ciudad":"Dodu Dua","CodigoPais":"ID"},
{"Id":450,"Pais":"Spain","Ciudad":"Valladolid","CodigoPais":"ES"},
{"Id":451,"Pais":"Dominican Republic","Ciudad":"Neiba","CodigoPais":"DO"},
{"Id":452,"Pais":"Portugal","Ciudad":"Várzeas","CodigoPais":"PT"},
{"Id":453,"Pais":"New Zealand","Ciudad":"Kaiapoi","CodigoPais":"NZ"},
{"Id":454,"Pais":"Liberia","Ciudad":"Gbarnga","CodigoPais":"LR"},
{"Id":455,"Pais":"Canada","Ciudad":"Golden","CodigoPais":"CA"},
{"Id":456,"Pais":"China","Ciudad":"Juzhen","CodigoPais":"CN"},
{"Id":457,"Pais":"Angola","Ciudad":"Lobito","CodigoPais":"AO"},
{"Id":458,"Pais":"Russia","Ciudad":"Zagoryanskiy","CodigoPais":"RU"},
{"Id":459,"Pais":"China","Ciudad":"Sihe","CodigoPais":"CN"},
{"Id":460,"Pais":"Portugal","Ciudad":"Gandra","CodigoPais":"PT"},
{"Id":461,"Pais":"Uzbekistan","Ciudad":"Kattaqo’rg’on","CodigoPais":"UZ"},
{"Id":462,"Pais":"Nigeria","Ciudad":"Oke Iho","CodigoPais":"NG"},
{"Id":463,"Pais":"Japan","Ciudad":"Naha-shi","CodigoPais":"JP"},
{"Id":464,"Pais":"Cuba","Ciudad":"Santiago de Cuba","CodigoPais":"CU"},
{"Id":465,"Pais":"Russia","Ciudad":"Duba-Yurt","CodigoPais":"RU"},
{"Id":466,"Pais":"China","Ciudad":"Zhengwan","CodigoPais":"CN"},
{"Id":467,"Pais":"Thailand","Ciudad":"Phu Sang","CodigoPais":"TH"},
{"Id":468,"Pais":"Sweden","Ciudad":"Bromma","CodigoPais":"SE"},
{"Id":469,"Pais":"China","Ciudad":"Xishanzui","CodigoPais":"CN"},
{"Id":470,"Pais":"Montenegro","Ciudad":"Bijela","CodigoPais":"ME"},
{"Id":471,"Pais":"Iran","Ciudad":"Nīshābūr","CodigoPais":"IR"},
{"Id":472,"Pais":"Libya","Ciudad":"Bardīyah","CodigoPais":"LY"},
{"Id":473,"Pais":"Japan","Ciudad":"Hita","CodigoPais":"JP"},
{"Id":474,"Pais":"Russia","Ciudad":"Starobaltachevo","CodigoPais":"RU"},
{"Id":475,"Pais":"Portugal","Ciudad":"Ajuda","CodigoPais":"PT"},
{"Id":476,"Pais":"Indonesia","Ciudad":"Cikupa","CodigoPais":"ID"},
{"Id":477,"Pais":"Portugal","Ciudad":"Catujal","CodigoPais":"PT"},
{"Id":478,"Pais":"Russia","Ciudad":"Malysheva","CodigoPais":"RU"},
{"Id":479,"Pais":"Indonesia","Ciudad":"Adiwerna","CodigoPais":"ID"},
{"Id":480,"Pais":"Portugal","Ciudad":"Praia da Vagueira","CodigoPais":"PT"},
{"Id":481,"Pais":"Portugal","Ciudad":"Ponte Nova","CodigoPais":"PT"},
{"Id":482,"Pais":"Spain","Ciudad":"Palmas De Gran Canaria, Las","CodigoPais":"ES"},
{"Id":483,"Pais":"Ukraine","Ciudad":"Mikulintsy","CodigoPais":"UA"},
{"Id":484,"Pais":"Indonesia","Ciudad":"Cisoka","CodigoPais":"ID"},
{"Id":485,"Pais":"Malawi","Ciudad":"Mangochi","CodigoPais":"MW"},
{"Id":486,"Pais":"Peru","Ciudad":"Cochabamba","CodigoPais":"PE"},
{"Id":487,"Pais":"China","Ciudad":"Jingzhuang","CodigoPais":"CN"},
{"Id":488,"Pais":"Russia","Ciudad":"Shubenka","CodigoPais":"RU"},
{"Id":489,"Pais":"Pakistan","Ciudad":"Fort Abbās","CodigoPais":"PK"},
{"Id":490,"Pais":"Myanmar","Ciudad":"Thanatpin","CodigoPais":"MM"},
{"Id":491,"Pais":"China","Ciudad":"Tangchi","CodigoPais":"CN"},
{"Id":492,"Pais":"Philippines","Ciudad":"Lais","CodigoPais":"PH"},
{"Id":493,"Pais":"Russia","Ciudad":"Orsk","CodigoPais":"RU"},
{"Id":494,"Pais":"Tanzania","Ciudad":"Igurubi","CodigoPais":"TZ"},
{"Id":495,"Pais":"China","Ciudad":"Guji","CodigoPais":"CN"},
{"Id":496,"Pais":"China","Ciudad":"Xindian","CodigoPais":"CN"},
{"Id":497,"Pais":"Poland","Ciudad":"Kargowa","CodigoPais":"PL"},
{"Id":498,"Pais":"China","Ciudad":"Xianhe","CodigoPais":"CN"},
{"Id":499,"Pais":"Japan","Ciudad":"Toyama-shi","CodigoPais":"JP"},
{"Id":500,"Pais":"Indonesia","Ciudad":"Krajan","CodigoPais":"ID"},
{"Id":501,"Pais":"Slovenia","Ciudad":"Vrtojba","CodigoPais":"SI"},
{"Id":502,"Pais":"China","Ciudad":"Youshan","CodigoPais":"CN"},
{"Id":503,"Pais":"Finland","Ciudad":"Koski Tl","CodigoPais":"FI"},
{"Id":504,"Pais":"Chile","Ciudad":"Illapel","CodigoPais":"CL"},
{"Id":505,"Pais":"Indonesia","Ciudad":"Krajan Dukuhseti","CodigoPais":"ID"},
{"Id":506,"Pais":"Ukraine","Ciudad":"Marshintsy","CodigoPais":"UA"},
{"Id":507,"Pais":"Costa Rica","Ciudad":"Escazú","CodigoPais":"CR"},
{"Id":508,"Pais":"China","Ciudad":"Haoping","CodigoPais":"CN"},
{"Id":509,"Pais":"Trinidad and Tobago","Ciudad":"Scarborough","CodigoPais":"TT"},
{"Id":510,"Pais":"Portugal","Ciudad":"Outeiro","CodigoPais":"PT"},
{"Id":511,"Pais":"Portugal","Ciudad":"Mouquim","CodigoPais":"PT"},
{"Id":512,"Pais":"Russia","Ciudad":"Teeli","CodigoPais":"RU"},
{"Id":513,"Pais":"Philippines","Ciudad":"Sagbayan","CodigoPais":"PH"},
{"Id":514,"Pais":"Germany","Ciudad":"Wiesbaden","CodigoPais":"DE"},
{"Id":515,"Pais":"Mongolia","Ciudad":"Jargalant","CodigoPais":"MN"},
{"Id":516,"Pais":"Serbia","Ciudad":"Banatsko Veliko Selo","CodigoPais":"RS"},
{"Id":517,"Pais":"Indonesia","Ciudad":"Warmare","CodigoPais":"ID"},
{"Id":518,"Pais":"Zimbabwe","Ciudad":"Chivhu","CodigoPais":"ZW"},
{"Id":519,"Pais":"Colombia","Ciudad":"Corinto","CodigoPais":"CO"},
{"Id":520,"Pais":"Russia","Ciudad":"Mosal’sk","CodigoPais":"RU"},
{"Id":521,"Pais":"Indonesia","Ciudad":"Sinjai","CodigoPais":"ID"},
{"Id":522,"Pais":"Brazil","Ciudad":"Bragança Paulista","CodigoPais":"BR"},
{"Id":523,"Pais":"Thailand","Ciudad":"Kap Choeng","CodigoPais":"TH"},
{"Id":524,"Pais":"Palestinian Territory","Ciudad":"‘Ābūd","CodigoPais":"PS"},
{"Id":525,"Pais":"Portugal","Ciudad":"Charneca","CodigoPais":"PT"},
{"Id":526,"Pais":"Belarus","Ciudad":"Mstsislaw","CodigoPais":"BY"},
{"Id":527,"Pais":"Indonesia","Ciudad":"Liliana","CodigoPais":"ID"},
{"Id":528,"Pais":"China","Ciudad":"Hengfan","CodigoPais":"CN"},
{"Id":529,"Pais":"Finland","Ciudad":"Ristinummi","CodigoPais":"FI"},
{"Id":530,"Pais":"China","Ciudad":"Zhuoshui","CodigoPais":"CN"},
{"Id":531,"Pais":"Indonesia","Ciudad":"Kaliwates","CodigoPais":"ID"},
{"Id":532,"Pais":"Indonesia","Ciudad":"Babakan","CodigoPais":"ID"},
{"Id":533,"Pais":"Indonesia","Ciudad":"Walenrang","CodigoPais":"ID"},
{"Id":534,"Pais":"China","Ciudad":"Dingbao","CodigoPais":"CN"},
{"Id":535,"Pais":"China","Ciudad":"Baiyanghe","CodigoPais":"CN"},
{"Id":536,"Pais":"Sweden","Ciudad":"Tyresö","CodigoPais":"SE"},
{"Id":537,"Pais":"Kazakhstan","Ciudad":"Zaysan","CodigoPais":"KZ"},
{"Id":538,"Pais":"China","Ciudad":"Xiangying","CodigoPais":"CN"},
{"Id":539,"Pais":"China","Ciudad":"Mianduhe","CodigoPais":"CN"},
{"Id":540,"Pais":"China","Ciudad":"Jishu","CodigoPais":"CN"},
{"Id":541,"Pais":"Brazil","Ciudad":"Costa Rica","CodigoPais":"BR"},
{"Id":542,"Pais":"China","Ciudad":"Weiting","CodigoPais":"CN"},
{"Id":543,"Pais":"China","Ciudad":"Xiaochi","CodigoPais":"CN"},
{"Id":544,"Pais":"United States","Ciudad":"Trenton","CodigoPais":"US"},
{"Id":545,"Pais":"China","Ciudad":"Chedao","CodigoPais":"CN"},
{"Id":546,"Pais":"China","Ciudad":"Hongtang","CodigoPais":"CN"},
{"Id":547,"Pais":"France","Ciudad":"Voiron","CodigoPais":"FR"},
{"Id":548,"Pais":"Italy","Ciudad":"Padova","CodigoPais":"IT"},
{"Id":549,"Pais":"Greece","Ciudad":"Aiánteio","CodigoPais":"GR"},
{"Id":550,"Pais":"Malaysia","Ciudad":"Nusajaya","CodigoPais":"MY"},
{"Id":551,"Pais":"Philippines","Ciudad":"Gamut","CodigoPais":"PH"},
{"Id":552,"Pais":"Poland","Ciudad":"Grybów","CodigoPais":"PL"},
{"Id":553,"Pais":"Czech Republic","Ciudad":"Vrané nad Vltavou","CodigoPais":"CZ"},
{"Id":554,"Pais":"Philippines","Ciudad":"Hingatungan","CodigoPais":"PH"},
{"Id":555,"Pais":"Indonesia","Ciudad":"Sindang","CodigoPais":"ID"},
{"Id":556,"Pais":"Russia","Ciudad":"Izobil’nyy","CodigoPais":"RU"},
{"Id":557,"Pais":"Pakistan","Ciudad":"Kotli Lohārān","CodigoPais":"PK"},
{"Id":558,"Pais":"Poland","Ciudad":"Górzno","CodigoPais":"PL"},
{"Id":559,"Pais":"China","Ciudad":"Jiapeng","CodigoPais":"CN"},
{"Id":560,"Pais":"France","Ciudad":"Boulogne-sur-Mer","CodigoPais":"FR"},
{"Id":561,"Pais":"Poland","Ciudad":"Ostrów Mazowiecka","CodigoPais":"PL"},
{"Id":562,"Pais":"Indonesia","Ciudad":"Babat","CodigoPais":"ID"},
{"Id":563,"Pais":"China","Ciudad":"Wangba","CodigoPais":"CN"},
{"Id":564,"Pais":"France","Ciudad":"Pessac","CodigoPais":"FR"},
{"Id":565,"Pais":"Indonesia","Ciudad":"Babantar","CodigoPais":"ID"},
{"Id":566,"Pais":"Indonesia","Ciudad":"Kedawung","CodigoPais":"ID"},
{"Id":567,"Pais":"Croatia","Ciudad":"Drnje","CodigoPais":"HR"},
{"Id":568,"Pais":"Indonesia","Ciudad":"Sembung","CodigoPais":"ID"},
{"Id":569,"Pais":"Indonesia","Ciudad":"Kalkal Barat","CodigoPais":"ID"},
{"Id":570,"Pais":"Indonesia","Ciudad":"Laju Kidul","CodigoPais":"ID"},
{"Id":571,"Pais":"Japan","Ciudad":"Ushibuka","CodigoPais":"JP"},
{"Id":572,"Pais":"China","Ciudad":"Kezileboyi","CodigoPais":"CN"},
{"Id":573,"Pais":"Argentina","Ciudad":"Mercedes","CodigoPais":"AR"},
{"Id":574,"Pais":"Indonesia","Ciudad":"Cibitung","CodigoPais":"ID"},
{"Id":575,"Pais":"Philippines","Ciudad":"Herrera","CodigoPais":"PH"},
{"Id":576,"Pais":"United States","Ciudad":"New Haven","CodigoPais":"US"},
{"Id":577,"Pais":"Indonesia","Ciudad":"Sridadi","CodigoPais":"ID"},
{"Id":578,"Pais":"Thailand","Ciudad":"Tan Sum","CodigoPais":"TH"},
{"Id":579,"Pais":"Indonesia","Ciudad":"Terjan","CodigoPais":"ID"},
{"Id":580,"Pais":"Colombia","Ciudad":"El Guamo","CodigoPais":"CO"},
{"Id":581,"Pais":"Mexico","Ciudad":"Los Pinos","CodigoPais":"MX"},
{"Id":582,"Pais":"Sweden","Ciudad":"Göteborg","CodigoPais":"SE"},
{"Id":583,"Pais":"Liberia","Ciudad":"Gbarnga","CodigoPais":"LR"},
{"Id":584,"Pais":"China","Ciudad":"Bingfang","CodigoPais":"CN"},
{"Id":585,"Pais":"China","Ciudad":"Tianjiaba","CodigoPais":"CN"},
{"Id":586,"Pais":"China","Ciudad":"Nanfeng","CodigoPais":"CN"},
{"Id":587,"Pais":"Germany","Ciudad":"Wuppertal","CodigoPais":"DE"},
{"Id":588,"Pais":"Brazil","Ciudad":"Paracambi","CodigoPais":"BR"},
{"Id":589,"Pais":"Brazil","Ciudad":"Vitória de Santo Antão","CodigoPais":"BR"},
{"Id":590,"Pais":"Russia","Ciudad":"Pavlovka","CodigoPais":"RU"},
{"Id":591,"Pais":"China","Ciudad":"Suban","CodigoPais":"CN"},
{"Id":592,"Pais":"Indonesia","Ciudad":"Pandanwangi","CodigoPais":"ID"},
{"Id":593,"Pais":"Philippines","Ciudad":"Quezon","CodigoPais":"PH"},
{"Id":594,"Pais":"Sweden","Ciudad":"Södertälje","CodigoPais":"SE"},
{"Id":595,"Pais":"Argentina","Ciudad":"Curuzú Cuatiá","CodigoPais":"AR"},
{"Id":596,"Pais":"Costa Rica","Ciudad":"Ipís","CodigoPais":"CR"},
{"Id":597,"Pais":"Syria","Ciudad":"Mazra‘at Bayt Jinn","CodigoPais":"SY"},
{"Id":598,"Pais":"Equatorial Guinea","Ciudad":"Luba","CodigoPais":"GQ"},
{"Id":599,"Pais":"Guatemala","Ciudad":"San José Acatempa","CodigoPais":"GT"},
{"Id":600,"Pais":"Mexico","Ciudad":"Francisco J Mujica","CodigoPais":"MX"},
{"Id":601,"Pais":"Russia","Ciudad":"Priargunsk","CodigoPais":"RU"},
{"Id":602,"Pais":"Greece","Ciudad":"Néos Skopós","CodigoPais":"GR"},
{"Id":603,"Pais":"Japan","Ciudad":"Sakata","CodigoPais":"JP"},
{"Id":604,"Pais":"Indonesia","Ciudad":"Jajaway","CodigoPais":"ID"},
{"Id":605,"Pais":"China","Ciudad":"Xiaoya","CodigoPais":"CN"},
{"Id":606,"Pais":"Brazil","Ciudad":"Petrópolis","CodigoPais":"BR"},
{"Id":607,"Pais":"Ukraine","Ciudad":"Slavs’ke","CodigoPais":"UA"},
{"Id":608,"Pais":"United States","Ciudad":"Camden","CodigoPais":"US"},
{"Id":609,"Pais":"Bulgaria","Ciudad":"Byala","CodigoPais":"BG"},
{"Id":610,"Pais":"Russia","Ciudad":"Yaroslavl","CodigoPais":"RU"},
{"Id":611,"Pais":"China","Ciudad":"Huwan","CodigoPais":"CN"},
{"Id":612,"Pais":"Indonesia","Ciudad":"Tumpang","CodigoPais":"ID"},
{"Id":613,"Pais":"China","Ciudad":"Chadian","CodigoPais":"CN"},
{"Id":614,"Pais":"Guatemala","Ciudad":"San Juan Atitán","CodigoPais":"GT"},
{"Id":615,"Pais":"United States","Ciudad":"Newark","CodigoPais":"US"},
{"Id":616,"Pais":"China","Ciudad":"Yabuli","CodigoPais":"CN"},
{"Id":617,"Pais":"Brazil","Ciudad":"Cachoeira do Sul","CodigoPais":"BR"},
{"Id":618,"Pais":"Argentina","Ciudad":"Río Grande","CodigoPais":"AR"},
{"Id":619,"Pais":"Palestinian Territory","Ciudad":"Al ‘Awjā","CodigoPais":"PS"},
{"Id":620,"Pais":"China","Ciudad":"Dingjiaqiao","CodigoPais":"CN"},
{"Id":621,"Pais":"Russia","Ciudad":"Choya","CodigoPais":"RU"},
{"Id":622,"Pais":"United States","Ciudad":"Waterbury","CodigoPais":"US"},
{"Id":623,"Pais":"Philippines","Ciudad":"Norzagaray","CodigoPais":"PH"},
{"Id":624,"Pais":"Bulgaria","Ciudad":"Boychinovtsi","CodigoPais":"BG"},
{"Id":625,"Pais":"Iran","Ciudad":"Feyẕābād","CodigoPais":"IR"},
{"Id":626,"Pais":"Russia","Ciudad":"Pankovka","CodigoPais":"RU"},
{"Id":627,"Pais":"Sweden","Ciudad":"Linköping","CodigoPais":"SE"},
{"Id":628,"Pais":"Tanzania","Ciudad":"Mwembe","CodigoPais":"TZ"},
{"Id":629,"Pais":"Peru","Ciudad":"Pueblo Nuevo","CodigoPais":"PE"},
{"Id":630,"Pais":"Japan","Ciudad":"Ishioka","CodigoPais":"JP"},
{"Id":631,"Pais":"Indonesia","Ciudad":"Pamoyanan","CodigoPais":"ID"},
{"Id":632,"Pais":"Argentina","Ciudad":"Pasco","CodigoPais":"AR"},
{"Id":633,"Pais":"Czech Republic","Ciudad":"Příbor","CodigoPais":"CZ"},
{"Id":634,"Pais":"Sweden","Ciudad":"Göteborg","CodigoPais":"SE"},
{"Id":635,"Pais":"Indonesia","Ciudad":"Sungi Liput","CodigoPais":"ID"},
{"Id":636,"Pais":"Norway","Ciudad":"Oslo","CodigoPais":"NO"},
{"Id":637,"Pais":"Argentina","Ciudad":"Huillapima","CodigoPais":"AR"},
{"Id":638,"Pais":"Brazil","Ciudad":"Correia Pinto","CodigoPais":"BR"},
{"Id":639,"Pais":"China","Ciudad":"Haiyan","CodigoPais":"CN"},
{"Id":640,"Pais":"Philippines","Ciudad":"Prinza","CodigoPais":"PH"},
{"Id":641,"Pais":"Bangladesh","Ciudad":"Nabīnagar","CodigoPais":"BD"},
{"Id":642,"Pais":"Ireland","Ciudad":"Castlemartyr","CodigoPais":"IE"},
{"Id":643,"Pais":"Kazakhstan","Ciudad":"Ush-Tyube","CodigoPais":"KZ"},
{"Id":644,"Pais":"Kazakhstan","Ciudad":"Baykonyr","CodigoPais":"KZ"},
{"Id":645,"Pais":"China","Ciudad":"Dajing","CodigoPais":"CN"},
{"Id":646,"Pais":"Pakistan","Ciudad":"Ladhewāla Warāich","CodigoPais":"PK"},
{"Id":647,"Pais":"China","Ciudad":"Kanshi","CodigoPais":"CN"},
{"Id":648,"Pais":"China","Ciudad":"Qindu","CodigoPais":"CN"},
{"Id":649,"Pais":"Armenia","Ciudad":"Arevik","CodigoPais":"AM"},
{"Id":650,"Pais":"Indonesia","Ciudad":"Kedungwaru","CodigoPais":"ID"},
{"Id":651,"Pais":"Denmark","Ciudad":"København","CodigoPais":"DK"},
{"Id":652,"Pais":"Ukraine","Ciudad":"Chabany","CodigoPais":"UA"},
{"Id":653,"Pais":"South Africa","Ciudad":"Mossel Bay","CodigoPais":"ZA"},
{"Id":654,"Pais":"Philippines","Ciudad":"Calauag","CodigoPais":"PH"},
{"Id":655,"Pais":"France","Ciudad":"Saint-Quentin-en-Yvelines","CodigoPais":"FR"},
{"Id":656,"Pais":"China","Ciudad":"Shenshu","CodigoPais":"CN"},
{"Id":657,"Pais":"Japan","Ciudad":"Ushibuka","CodigoPais":"JP"},
{"Id":658,"Pais":"Ukraine","Ciudad":"Slavs’ke","CodigoPais":"UA"},
{"Id":659,"Pais":"Peru","Ciudad":"San Miguel de Cauri","CodigoPais":"PE"},
{"Id":660,"Pais":"Luxembourg","Ciudad":"Fentange","CodigoPais":"LU"},
{"Id":661,"Pais":"Peru","Ciudad":"Curibaya","CodigoPais":"PE"},
{"Id":662,"Pais":"Portugal","Ciudad":"Peso da Régua","CodigoPais":"PT"},
{"Id":663,"Pais":"Portugal","Ciudad":"Serra de Água","CodigoPais":"PT"},
{"Id":664,"Pais":"Equatorial Guinea","Ciudad":"Ncue","CodigoPais":"GQ"},
{"Id":665,"Pais":"Japan","Ciudad":"Shisui","CodigoPais":"JP"},
{"Id":666,"Pais":"Russia","Ciudad":"Novaya Chigla","CodigoPais":"RU"},
{"Id":667,"Pais":"Colombia","Ciudad":"Pamplona","CodigoPais":"CO"},
{"Id":668,"Pais":"Indonesia","Ciudad":"Komi","CodigoPais":"ID"},
{"Id":669,"Pais":"China","Ciudad":"Donggaocun","CodigoPais":"CN"},
{"Id":670,"Pais":"Indonesia","Ciudad":"Mojokerto","CodigoPais":"ID"},
{"Id":671,"Pais":"Peru","Ciudad":"Checacupe","CodigoPais":"PE"},
{"Id":672,"Pais":"Russia","Ciudad":"Nizhneivkino","CodigoPais":"RU"},
{"Id":673,"Pais":"Peru","Ciudad":"Sacanche","CodigoPais":"PE"},
{"Id":674,"Pais":"Cameroon","Ciudad":"Ébolowa","CodigoPais":"CM"},
{"Id":675,"Pais":"Tunisia","Ciudad":"Jilma","CodigoPais":"TN"},
{"Id":676,"Pais":"China","Ciudad":"Gongchang Zhen","CodigoPais":"CN"},
{"Id":677,"Pais":"Peru","Ciudad":"Colcabamba","CodigoPais":"PE"},
{"Id":678,"Pais":"Indonesia","Ciudad":"Tanamiting","CodigoPais":"ID"},
{"Id":679,"Pais":"Indonesia","Ciudad":"Karengan","CodigoPais":"ID"},
{"Id":680,"Pais":"United States","Ciudad":"Cincinnati","CodigoPais":"US"},
{"Id":681,"Pais":"Philippines","Ciudad":"Laya","CodigoPais":"PH"},
{"Id":682,"Pais":"China","Ciudad":"Wadi","CodigoPais":"CN"},
{"Id":683,"Pais":"Philippines","Ciudad":"Tubigan","CodigoPais":"PH"},
{"Id":684,"Pais":"Indonesia","Ciudad":"Warungbuah","CodigoPais":"ID"},
{"Id":685,"Pais":"Sweden","Ciudad":"Stockholm","CodigoPais":"SE"},
{"Id":686,"Pais":"Brazil","Ciudad":"Porto Ferreira","CodigoPais":"BR"},
{"Id":687,"Pais":"Philippines","Ciudad":"Anilao","CodigoPais":"PH"},
{"Id":688,"Pais":"China","Ciudad":"Hengjiang","CodigoPais":"CN"},
{"Id":689,"Pais":"Indonesia","Ciudad":"Sukadana","CodigoPais":"ID"},
{"Id":690,"Pais":"Thailand","Ciudad":"Den Chai","CodigoPais":"TH"},
{"Id":691,"Pais":"Tanzania","Ciudad":"Kibiti","CodigoPais":"TZ"},
{"Id":692,"Pais":"Indonesia","Ciudad":"Bancar","CodigoPais":"ID"},
{"Id":693,"Pais":"France","Ciudad":"Marly","CodigoPais":"FR"},
{"Id":694,"Pais":"Kenya","Ciudad":"Voi","CodigoPais":"KE"},
{"Id":695,"Pais":"China","Ciudad":"Shuangjiang","CodigoPais":"CN"},
{"Id":696,"Pais":"Brazil","Ciudad":"Castanhal","CodigoPais":"BR"},
{"Id":697,"Pais":"Indonesia","Ciudad":"Sapat","CodigoPais":"ID"},
{"Id":698,"Pais":"Indonesia","Ciudad":"Kebonjaya","CodigoPais":"ID"},
{"Id":699,"Pais":"China","Ciudad":"Shanlian","CodigoPais":"CN"},
{"Id":700,"Pais":"China","Ciudad":"Gaoping","CodigoPais":"CN"},
{"Id":701,"Pais":"Peru","Ciudad":"Choropampa","CodigoPais":"PE"},
{"Id":702,"Pais":"Japan","Ciudad":"Tagawa","CodigoPais":"JP"},
{"Id":703,"Pais":"Philippines","Ciudad":"Digos","CodigoPais":"PH"},
{"Id":704,"Pais":"China","Ciudad":"Chengnan","CodigoPais":"CN"},
{"Id":705,"Pais":"South Africa","Ciudad":"Bothaville","CodigoPais":"ZA"},
{"Id":706,"Pais":"China","Ciudad":"Chunhu","CodigoPais":"CN"},
{"Id":707,"Pais":"Indonesia","Ciudad":"Bucu Lor","CodigoPais":"ID"},
{"Id":708,"Pais":"Indonesia","Ciudad":"Terong","CodigoPais":"ID"},
{"Id":709,"Pais":"Russia","Ciudad":"Nerchinsk","CodigoPais":"RU"},
{"Id":710,"Pais":"Bolivia","Ciudad":"Las Carreras","CodigoPais":"BO"},
{"Id":711,"Pais":"Poland","Ciudad":"Siemiątkowo","CodigoPais":"PL"},
{"Id":712,"Pais":"Russia","Ciudad":"Rybinsk","CodigoPais":"RU"},
{"Id":713,"Pais":"China","Ciudad":"Shantou","CodigoPais":"CN"},
{"Id":714,"Pais":"Bahamas","Ciudad":"Duncan Town","CodigoPais":"BS"},
{"Id":715,"Pais":"Philippines","Ciudad":"Urdaneta","CodigoPais":"PH"},
{"Id":716,"Pais":"China","Ciudad":"Yongning","CodigoPais":"CN"},
{"Id":717,"Pais":"China","Ciudad":"Kaiyuan","CodigoPais":"CN"},
{"Id":718,"Pais":"Portugal","Ciudad":"Torre","CodigoPais":"PT"},
{"Id":719,"Pais":"Czech Republic","Ciudad":"Hostomice","CodigoPais":"CZ"},
{"Id":720,"Pais":"France","Ciudad":"Paris 19","CodigoPais":"FR"},
{"Id":721,"Pais":"China","Ciudad":"Hongsipu","CodigoPais":"CN"},
{"Id":722,"Pais":"China","Ciudad":"Hemudu","CodigoPais":"CN"},
{"Id":723,"Pais":"Indonesia","Ciudad":"Glondong","CodigoPais":"ID"},
{"Id":724,"Pais":"Russia","Ciudad":"Mozdok","CodigoPais":"RU"},
{"Id":725,"Pais":"Indonesia","Ciudad":"Sai","CodigoPais":"ID"},
{"Id":726,"Pais":"China","Ciudad":"Sandao","CodigoPais":"CN"},
{"Id":727,"Pais":"Turkmenistan","Ciudad":"Seydi","CodigoPais":"TM"},
{"Id":728,"Pais":"Mexico","Ciudad":"Reforma","CodigoPais":"MX"},
{"Id":729,"Pais":"Indonesia","Ciudad":"Sioah","CodigoPais":"ID"},
{"Id":730,"Pais":"China","Ciudad":"Hengxi","CodigoPais":"CN"},
{"Id":731,"Pais":"Czech Republic","Ciudad":"Sezimovo Ústí","CodigoPais":"CZ"},
{"Id":732,"Pais":"Poland","Ciudad":"Krasne","CodigoPais":"PL"},
{"Id":733,"Pais":"China","Ciudad":"Tongmuluo","CodigoPais":"CN"},
{"Id":734,"Pais":"Poland","Ciudad":"Siedlce","CodigoPais":"PL"},
{"Id":735,"Pais":"Russia","Ciudad":"Ikryanoye","CodigoPais":"RU"},
{"Id":736,"Pais":"Argentina","Ciudad":"Los Juríes","CodigoPais":"AR"},
{"Id":737,"Pais":"Cuba","Ciudad":"Matanzas","CodigoPais":"CU"},
{"Id":738,"Pais":"Indonesia","Ciudad":"Warungsugan","CodigoPais":"ID"},
{"Id":739,"Pais":"Russia","Ciudad":"Vishnyakovskiye Dachi","CodigoPais":"RU"},
{"Id":740,"Pais":"China","Ciudad":"Mugan","CodigoPais":"CN"},
{"Id":741,"Pais":"Venezuela","Ciudad":"Pregonero","CodigoPais":"VE"},
{"Id":742,"Pais":"Yemen","Ciudad":"Ar Rujum","CodigoPais":"YE"},
{"Id":743,"Pais":"China","Ciudad":"Shangyi","CodigoPais":"CN"},
{"Id":744,"Pais":"United States","Ciudad":"Midland","CodigoPais":"US"},
{"Id":745,"Pais":"Japan","Ciudad":"Kashima-shi","CodigoPais":"JP"},
{"Id":746,"Pais":"Paraguay","Ciudad":"Santa Rita","CodigoPais":"PY"},
{"Id":747,"Pais":"Portugal","Ciudad":"Lemenhe","CodigoPais":"PT"},
{"Id":748,"Pais":"Indonesia","Ciudad":"Klumpit","CodigoPais":"ID"},
{"Id":749,"Pais":"Canada","Ciudad":"Bay Roberts","CodigoPais":"CA"},
{"Id":750,"Pais":"Poland","Ciudad":"Dzikowiec","CodigoPais":"PL"},
{"Id":751,"Pais":"Philippines","Ciudad":"Maagnas","CodigoPais":"PH"},
{"Id":752,"Pais":"Indonesia","Ciudad":"Lemahputih","CodigoPais":"ID"},
{"Id":753,"Pais":"China","Ciudad":"Pengxing","CodigoPais":"CN"},
{"Id":754,"Pais":"Russia","Ciudad":"Pizhma","CodigoPais":"RU"},
{"Id":755,"Pais":"Afghanistan","Ciudad":"Pāshmūl","CodigoPais":"AF"},
{"Id":756,"Pais":"Ireland","Ciudad":"Sandymount","CodigoPais":"IE"},
{"Id":757,"Pais":"Lithuania","Ciudad":"Eišiškės","CodigoPais":"LT"},
{"Id":758,"Pais":"United States","Ciudad":"Midland","CodigoPais":"US"},
{"Id":759,"Pais":"Peru","Ciudad":"Aco","CodigoPais":"PE"},
{"Id":760,"Pais":"Indonesia","Ciudad":"Kore","CodigoPais":"ID"},
{"Id":761,"Pais":"China","Ciudad":"Zhihe","CodigoPais":"CN"},
{"Id":762,"Pais":"Poland","Ciudad":"Skaryszew","CodigoPais":"PL"},
{"Id":763,"Pais":"Philippines","Ciudad":"Parang","CodigoPais":"PH"},
{"Id":764,"Pais":"Madagascar","Ciudad":"Ifanadiana","CodigoPais":"MG"},
{"Id":765,"Pais":"Philippines","Ciudad":"Santa Teresa First","CodigoPais":"PH"},
{"Id":766,"Pais":"China","Ciudad":"Yukuriawat","CodigoPais":"CN"},
{"Id":767,"Pais":"Indonesia","Ciudad":"Kadubincarung","CodigoPais":"ID"},
{"Id":768,"Pais":"China","Ciudad":"Honghualiangzi","CodigoPais":"CN"},
{"Id":769,"Pais":"China","Ciudad":"Qingshui","CodigoPais":"CN"},
{"Id":770,"Pais":"Germany","Ciudad":"Berlin","CodigoPais":"DE"},
{"Id":771,"Pais":"Sweden","Ciudad":"Eskilstuna","CodigoPais":"SE"},
{"Id":772,"Pais":"Japan","Ciudad":"Kanie","CodigoPais":"JP"},
{"Id":773,"Pais":"France","Ciudad":"Vedène","CodigoPais":"FR"},
{"Id":774,"Pais":"France","Ciudad":"Paris 18","CodigoPais":"FR"},
{"Id":775,"Pais":"Belarus","Ciudad":"Mir","CodigoPais":"BY"},
{"Id":776,"Pais":"China","Ciudad":"Huili Chengguanzhen","CodigoPais":"CN"},
{"Id":777,"Pais":"China","Ciudad":"Kezilei","CodigoPais":"CN"},
{"Id":778,"Pais":"Tanzania","Ciudad":"Singida","CodigoPais":"TZ"},
{"Id":779,"Pais":"Mexico","Ciudad":"Buenavista","CodigoPais":"MX"},
{"Id":780,"Pais":"Russia","Ciudad":"Russkaya Polyana","CodigoPais":"RU"},
{"Id":781,"Pais":"Equatorial Guinea","Ciudad":"Aconibe","CodigoPais":"GQ"},
{"Id":782,"Pais":"France","Ciudad":"Sedan","CodigoPais":"FR"},
{"Id":783,"Pais":"China","Ciudad":"Qihama","CodigoPais":"CN"},
{"Id":784,"Pais":"France","Ciudad":"Toulouse","CodigoPais":"FR"},
{"Id":785,"Pais":"Indonesia","Ciudad":"Praimarada","CodigoPais":"ID"},
{"Id":786,"Pais":"Belarus","Ciudad":"Pryvol’ny","CodigoPais":"BY"},
{"Id":787,"Pais":"Indonesia","Ciudad":"Kalapagenep","CodigoPais":"ID"},
{"Id":788,"Pais":"Albania","Ciudad":"Shupenzë","CodigoPais":"AL"},
{"Id":789,"Pais":"Hungary","Ciudad":"Budapest","CodigoPais":"HU"},
{"Id":790,"Pais":"China","Ciudad":"Xiwanzi","CodigoPais":"CN"},
{"Id":791,"Pais":"Indonesia","Ciudad":"Montonggamang","CodigoPais":"ID"},
{"Id":792,"Pais":"Japan","Ciudad":"Numazu","CodigoPais":"JP"},
{"Id":793,"Pais":"Poland","Ciudad":"Miłakowo","CodigoPais":"PL"},
{"Id":794,"Pais":"Indonesia","Ciudad":"Selaawi","CodigoPais":"ID"},
{"Id":795,"Pais":"North Korea","Ciudad":"Iwŏn-ŭp","CodigoPais":"KP"},
{"Id":796,"Pais":"Venezuela","Ciudad":"San Antonio","CodigoPais":"VE"},
{"Id":797,"Pais":"Poland","Ciudad":"Lipsko","CodigoPais":"PL"},
{"Id":798,"Pais":"Poland","Ciudad":"Polanka Wielka","CodigoPais":"PL"},
{"Id":799,"Pais":"Russia","Ciudad":"Malinovoye Ozero","CodigoPais":"RU"},
{"Id":800,"Pais":"United States","Ciudad":"Youngstown","CodigoPais":"US"},
{"Id":801,"Pais":"Portugal","Ciudad":"Veiga","CodigoPais":"PT"},
{"Id":802,"Pais":"Ireland","Ciudad":"Balally","CodigoPais":"IE"},
{"Id":803,"Pais":"Czech Republic","Ciudad":"Žirovnice","CodigoPais":"CZ"},
{"Id":804,"Pais":"Czech Republic","Ciudad":"Dobrá","CodigoPais":"CZ"},
{"Id":805,"Pais":"Denmark","Ciudad":"København","CodigoPais":"DK"},
{"Id":806,"Pais":"Bosnia and Herzegovina","Ciudad":"Knežica","CodigoPais":"BA"},
{"Id":807,"Pais":"Indonesia","Ciudad":"Ngadipuro","CodigoPais":"ID"},
{"Id":808,"Pais":"Greece","Ciudad":"Peraía","CodigoPais":"GR"},
{"Id":809,"Pais":"Brazil","Ciudad":"Tobias Barreto","CodigoPais":"BR"},
{"Id":810,"Pais":"Latvia","Ciudad":"Ādaži","CodigoPais":"LV"},
{"Id":811,"Pais":"Sweden","Ciudad":"Örebro","CodigoPais":"SE"},
{"Id":812,"Pais":"Spain","Ciudad":"Pamplona/Iruña","CodigoPais":"ES"},
{"Id":813,"Pais":"Portugal","Ciudad":"Ribeira Seca","CodigoPais":"PT"},
{"Id":814,"Pais":"China","Ciudad":"Xinjiezhen","CodigoPais":"CN"},
{"Id":815,"Pais":"China","Ciudad":"Yanghe","CodigoPais":"CN"},
{"Id":816,"Pais":"Egypt","Ciudad":"Al Fashn","CodigoPais":"EG"},
{"Id":817,"Pais":"China","Ciudad":"Lidong","CodigoPais":"CN"},
{"Id":818,"Pais":"China","Ciudad":"Nanhuatang","CodigoPais":"CN"},
{"Id":819,"Pais":"Croatia","Ciudad":"Buje","CodigoPais":"HR"},
{"Id":820,"Pais":"China","Ciudad":"Guta","CodigoPais":"CN"},
{"Id":821,"Pais":"Portugal","Ciudad":"Sande São Lourenço","CodigoPais":"PT"},
{"Id":822,"Pais":"Bahrain","Ciudad":"Jidd Ḩafş","CodigoPais":"BH"},
{"Id":823,"Pais":"Bolivia","Ciudad":"Pilaya","CodigoPais":"BO"},
{"Id":824,"Pais":"Morocco","Ciudad":"El Hajeb","CodigoPais":"MA"},
{"Id":825,"Pais":"Taiwan","Ciudad":"Taichung","CodigoPais":"TW"},
{"Id":826,"Pais":"China","Ciudad":"Changxing","CodigoPais":"CN"},
{"Id":827,"Pais":"Senegal","Ciudad":"Sémé","CodigoPais":"SN"},
{"Id":828,"Pais":"France","Ciudad":"Orly","CodigoPais":"FR"},
{"Id":829,"Pais":"Indonesia","Ciudad":"Jangkungkusumo","CodigoPais":"ID"},
{"Id":830,"Pais":"Finland","Ciudad":"Turenki","CodigoPais":"FI"},
{"Id":831,"Pais":"France","Ciudad":"Paris 11","CodigoPais":"FR"},
{"Id":832,"Pais":"China","Ciudad":"Tanniu","CodigoPais":"CN"},
{"Id":833,"Pais":"Ethiopia","Ciudad":"Dejen","CodigoPais":"ET"},
{"Id":834,"Pais":"Indonesia","Ciudad":"Ngandangan","CodigoPais":"ID"},
{"Id":835,"Pais":"Philippines","Ciudad":"Umingan","CodigoPais":"PH"},
{"Id":836,"Pais":"Kenya","Ciudad":"Keroka","CodigoPais":"KE"},
{"Id":837,"Pais":"Poland","Ciudad":"Sierakowice","CodigoPais":"PL"},
{"Id":838,"Pais":"Indonesia","Ciudad":"Bancar","CodigoPais":"ID"},
{"Id":839,"Pais":"China","Ciudad":"Chuoyuan","CodigoPais":"CN"},
{"Id":840,"Pais":"France","Ciudad":"Meudon","CodigoPais":"FR"},
{"Id":841,"Pais":"France","Ciudad":"Yvetot","CodigoPais":"FR"},
{"Id":842,"Pais":"China","Ciudad":"Gujun","CodigoPais":"CN"},
{"Id":843,"Pais":"France","Ciudad":"Paris 19","CodigoPais":"FR"},
{"Id":844,"Pais":"Indonesia","Ciudad":"Watubura","CodigoPais":"ID"},
{"Id":845,"Pais":"Thailand","Ciudad":"Kaeng Khoi","CodigoPais":"TH"},
{"Id":846,"Pais":"United States","Ciudad":"Phoenix","CodigoPais":"US"},
{"Id":847,"Pais":"Slovenia","Ciudad":"Deskle","CodigoPais":"SI"},
{"Id":848,"Pais":"Aland Islands","Ciudad":"Föglö","CodigoPais":"AX"},
{"Id":849,"Pais":"Japan","Ciudad":"Shizunai-furukawachō","CodigoPais":"JP"},
{"Id":850,"Pais":"Russia","Ciudad":"Nyandoma","CodigoPais":"RU"},
{"Id":851,"Pais":"China","Ciudad":"Youxikou","CodigoPais":"CN"},
{"Id":852,"Pais":"Belarus","Ciudad":"Pinsk","CodigoPais":"BY"},
{"Id":853,"Pais":"Norway","Ciudad":"Tromsø","CodigoPais":"NO"},
{"Id":854,"Pais":"Bulgaria","Ciudad":"Dulovo","CodigoPais":"BG"},
{"Id":855,"Pais":"China","Ciudad":"Seke","CodigoPais":"CN"},
{"Id":856,"Pais":"Poland","Ciudad":"Śmiłowo","CodigoPais":"PL"},
{"Id":857,"Pais":"United States","Ciudad":"San Diego","CodigoPais":"US"},
{"Id":858,"Pais":"China","Ciudad":"Qindu","CodigoPais":"CN"},
{"Id":859,"Pais":"Indonesia","Ciudad":"Doropeti","CodigoPais":"ID"},
{"Id":860,"Pais":"Poland","Ciudad":"Unisław","CodigoPais":"PL"},
{"Id":861,"Pais":"Poland","Ciudad":"Goworowo","CodigoPais":"PL"},
{"Id":862,"Pais":"Philippines","Ciudad":"Pulong Gubat","CodigoPais":"PH"},
{"Id":863,"Pais":"Russia","Ciudad":"Karabash","CodigoPais":"RU"},
{"Id":864,"Pais":"Kazakhstan","Ciudad":"Dzhetygara","CodigoPais":"KZ"},
{"Id":865,"Pais":"Canada","Ciudad":"Lions Bay","CodigoPais":"CA"},
{"Id":866,"Pais":"Vietnam","Ciudad":"Bắc Kạn","CodigoPais":"VN"},
{"Id":867,"Pais":"Chile","Ciudad":"Los Ángeles","CodigoPais":"CL"},
{"Id":868,"Pais":"Uganda","Ciudad":"Kitamilo","CodigoPais":"UG"},
{"Id":869,"Pais":"France","Ciudad":"Paris 13","CodigoPais":"FR"},
{"Id":870,"Pais":"Russia","Ciudad":"Chechen-Aul","CodigoPais":"RU"},
{"Id":871,"Pais":"Uganda","Ciudad":"Kagadi","CodigoPais":"UG"},
{"Id":872,"Pais":"Sweden","Ciudad":"Sundbyberg","CodigoPais":"SE"},
{"Id":873,"Pais":"Ivory Coast","Ciudad":"Soubré","CodigoPais":"CI"},
{"Id":874,"Pais":"Philippines","Ciudad":"Baculongan","CodigoPais":"PH"},
{"Id":875,"Pais":"Indonesia","Ciudad":"Bojongsari","CodigoPais":"ID"},
{"Id":876,"Pais":"Indonesia","Ciudad":"Sadahayu","CodigoPais":"ID"},
{"Id":877,"Pais":"Solomon Islands","Ciudad":"Tulaghi","CodigoPais":"SB"},
{"Id":878,"Pais":"Maldives","Ciudad":"Naifaru","CodigoPais":"MV"},
{"Id":879,"Pais":"Russia","Ciudad":"Mikhaylovsk","CodigoPais":"RU"},
{"Id":880,"Pais":"Sweden","Ciudad":"Köping","CodigoPais":"SE"},
{"Id":881,"Pais":"Armenia","Ciudad":"Metsamor","CodigoPais":"AM"},
{"Id":882,"Pais":"Philippines","Ciudad":"Gamay","CodigoPais":"PH"},
{"Id":883,"Pais":"China","Ciudad":"Jiangjia","CodigoPais":"CN"},
{"Id":884,"Pais":"Chad","Ciudad":"Mao","CodigoPais":"TD"},
{"Id":885,"Pais":"Brazil","Ciudad":"Capivari","CodigoPais":"BR"},
{"Id":886,"Pais":"Czech Republic","Ciudad":"Hořice","CodigoPais":"CZ"},
{"Id":887,"Pais":"Greece","Ciudad":"Anáfi","CodigoPais":"GR"},
{"Id":888,"Pais":"China","Ciudad":"Duanjia","CodigoPais":"CN"},
{"Id":889,"Pais":"Spain","Ciudad":"Cartagena","CodigoPais":"ES"},
{"Id":890,"Pais":"Indonesia","Ciudad":"Persen","CodigoPais":"ID"},
{"Id":891,"Pais":"Indonesia","Ciudad":"Lanta Timur","CodigoPais":"ID"},
{"Id":892,"Pais":"Philippines","Ciudad":"Sinubong","CodigoPais":"PH"},
{"Id":893,"Pais":"Bosnia and Herzegovina","Ciudad":"Sladna","CodigoPais":"BA"},
{"Id":894,"Pais":"Philippines","Ciudad":"Bulacan","CodigoPais":"PH"},
{"Id":895,"Pais":"China","Ciudad":"Guojia","CodigoPais":"CN"},
{"Id":896,"Pais":"Serbia","Ciudad":"Obrenovac","CodigoPais":"RS"},
{"Id":897,"Pais":"Afghanistan","Ciudad":"Chakaray","CodigoPais":"AF"},
{"Id":898,"Pais":"Russia","Ciudad":"Boguchar","CodigoPais":"RU"},
{"Id":899,"Pais":"Thailand","Ciudad":"Kao Liao","CodigoPais":"TH"},
{"Id":900,"Pais":"France","Ciudad":"Clichy","CodigoPais":"FR"},
{"Id":901,"Pais":"Vietnam","Ciudad":"Thị Trấn Bắc Hà","CodigoPais":"VN"},
{"Id":902,"Pais":"China","Ciudad":"Chaoyang","CodigoPais":"CN"},
{"Id":903,"Pais":"Portugal","Ciudad":"Eirol","CodigoPais":"PT"},
{"Id":904,"Pais":"Micronesia","Ciudad":"Elato","CodigoPais":"FM"},
{"Id":905,"Pais":"Reunion","Ciudad":"Saint-Denis","CodigoPais":"RE"},
{"Id":906,"Pais":"Poland","Ciudad":"Miętne","CodigoPais":"PL"},
{"Id":907,"Pais":"Guyana","Ciudad":"Anna Regina","CodigoPais":"GY"},
{"Id":908,"Pais":"Philippines","Ciudad":"San Ramon","CodigoPais":"PH"},
{"Id":909,"Pais":"China","Ciudad":"Yushan","CodigoPais":"CN"},
{"Id":910,"Pais":"Indonesia","Ciudad":"Parengan","CodigoPais":"ID"},
{"Id":911,"Pais":"Turkmenistan","Ciudad":"Serhetabat","CodigoPais":"TM"},
{"Id":912,"Pais":"China","Ciudad":"Wenquan","CodigoPais":"CN"},
{"Id":913,"Pais":"China","Ciudad":"Liufang","CodigoPais":"CN"},
{"Id":914,"Pais":"Indonesia","Ciudad":"Jati","CodigoPais":"ID"},
{"Id":915,"Pais":"Thailand","Ciudad":"Lamphun","CodigoPais":"TH"},
{"Id":916,"Pais":"Indonesia","Ciudad":"Neob","CodigoPais":"ID"},
{"Id":917,"Pais":"Philippines","Ciudad":"Quinipot","CodigoPais":"PH"},
{"Id":918,"Pais":"Belarus","Ciudad":"Svislach","CodigoPais":"BY"},
{"Id":919,"Pais":"Estonia","Ciudad":"Tabasalu","CodigoPais":"EE"},
{"Id":920,"Pais":"Sweden","Ciudad":"Nossebro","CodigoPais":"SE"},
{"Id":921,"Pais":"Syria","Ciudad":"Mūḩ Ḩasan","CodigoPais":"SY"},
{"Id":922,"Pais":"Syria","Ciudad":"Ar Riqāmā","CodigoPais":"SY"},
{"Id":923,"Pais":"China","Ciudad":"Nanyang","CodigoPais":"CN"},
{"Id":924,"Pais":"Jamaica","Ciudad":"Annotto Bay","CodigoPais":"JM"},
{"Id":925,"Pais":"Philippines","Ciudad":"Villa Aglipay","CodigoPais":"PH"},
{"Id":926,"Pais":"Serbia","Ciudad":"Čajetina","CodigoPais":"RS"},
{"Id":927,"Pais":"China","Ciudad":"Situ","CodigoPais":"CN"},
{"Id":928,"Pais":"Colombia","Ciudad":"Iles","CodigoPais":"CO"},
{"Id":929,"Pais":"Indonesia","Ciudad":"Suruhwadang","CodigoPais":"ID"},
{"Id":930,"Pais":"Saudi Arabia","Ciudad":"Khamis Mushait","CodigoPais":"SA"},
{"Id":931,"Pais":"Slovenia","Ciudad":"Lipovci","CodigoPais":"SI"},
{"Id":932,"Pais":"China","Ciudad":"Xinzheng","CodigoPais":"CN"},
{"Id":933,"Pais":"Canada","Ciudad":"Lamont","CodigoPais":"CA"},
{"Id":934,"Pais":"Russia","Ciudad":"Magnitka","CodigoPais":"RU"},
{"Id":935,"Pais":"Brazil","Ciudad":"Itaituba","CodigoPais":"BR"},
{"Id":936,"Pais":"Yemen","Ciudad":"Rajūzah","CodigoPais":"YE"},
{"Id":937,"Pais":"Portugal","Ciudad":"Caldas das Taipas","CodigoPais":"PT"},
{"Id":938,"Pais":"Guatemala","Ciudad":"Comitancillo","CodigoPais":"GT"},
{"Id":939,"Pais":"China","Ciudad":"Yuzhou","CodigoPais":"CN"},
{"Id":940,"Pais":"Indonesia","Ciudad":"Cikiwul Satu","CodigoPais":"ID"},
{"Id":941,"Pais":"Indonesia","Ciudad":"Op","CodigoPais":"ID"},
{"Id":942,"Pais":"Brazil","Ciudad":"Abadiânia","CodigoPais":"BR"},
{"Id":943,"Pais":"China","Ciudad":"Laocheng","CodigoPais":"CN"},
{"Id":944,"Pais":"China","Ciudad":"Dalang","CodigoPais":"CN"},
{"Id":945,"Pais":"Mexico","Ciudad":"Emiliano Zapata","CodigoPais":"MX"},
{"Id":946,"Pais":"Burkina Faso","Ciudad":"Bobo-Dioulasso","CodigoPais":"BF"},
{"Id":947,"Pais":"Canada","Ciudad":"Mascouche","CodigoPais":"CA"},
{"Id":948,"Pais":"Argentina","Ciudad":"Famaillá","CodigoPais":"AR"},
{"Id":949,"Pais":"Russia","Ciudad":"Belyye Stolby","CodigoPais":"RU"},
{"Id":950,"Pais":"Libya","Ciudad":"Az Zuwaytīnah","CodigoPais":"LY"},
{"Id":951,"Pais":"Pakistan","Ciudad":"Jalālpur","CodigoPais":"PK"},
{"Id":952,"Pais":"Japan","Ciudad":"Kushima","CodigoPais":"JP"},
{"Id":953,"Pais":"Mexico","Ciudad":"Solidaridad","CodigoPais":"MX"},
{"Id":954,"Pais":"Bulgaria","Ciudad":"Gotse Delchev","CodigoPais":"BG"},
{"Id":955,"Pais":"Sweden","Ciudad":"Göteborg","CodigoPais":"SE"},
{"Id":956,"Pais":"Germany","Ciudad":"Hamm","CodigoPais":"DE"},
{"Id":957,"Pais":"Macedonia","Ciudad":"Старо Нагоричане","CodigoPais":"MK"},
{"Id":958,"Pais":"Indonesia","Ciudad":"Toroy","CodigoPais":"ID"},
{"Id":959,"Pais":"Japan","Ciudad":"Yamoto","CodigoPais":"JP"},
{"Id":960,"Pais":"China","Ciudad":"Damiku","CodigoPais":"CN"},
{"Id":961,"Pais":"France","Ciudad":"Bourg-en-Bresse","CodigoPais":"FR"},
{"Id":962,"Pais":"Brazil","Ciudad":"Coronel Fabriciano","CodigoPais":"BR"},
{"Id":963,"Pais":"Iran","Ciudad":"Sharīfābād","CodigoPais":"IR"},
{"Id":964,"Pais":"Armenia","Ciudad":"Vardablur","CodigoPais":"AM"},
{"Id":965,"Pais":"Sweden","Ciudad":"Stockholm","CodigoPais":"SE"},
{"Id":966,"Pais":"Philippines","Ciudad":"Sonquil","CodigoPais":"PH"},
{"Id":967,"Pais":"Sweden","Ciudad":"Mölndal","CodigoPais":"SE"},
{"Id":968,"Pais":"Thailand","Ciudad":"Ban Talat Bueng","CodigoPais":"TH"},
{"Id":969,"Pais":"Sweden","Ciudad":"Gävle","CodigoPais":"SE"},
{"Id":970,"Pais":"Slovenia","Ciudad":"Bakovci","CodigoPais":"SI"},
{"Id":971,"Pais":"Indonesia","Ciudad":"Cipaku","CodigoPais":"ID"},
{"Id":972,"Pais":"Georgia","Ciudad":"Dioknisi","CodigoPais":"GE"},
{"Id":973,"Pais":"Canada","Ciudad":"Sherbrooke","CodigoPais":"CA"},
{"Id":974,"Pais":"Malawi","Ciudad":"Nsanje","CodigoPais":"MW"},
{"Id":975,"Pais":"Poland","Ciudad":"Dzików Stary","CodigoPais":"PL"},
{"Id":976,"Pais":"Russia","Ciudad":"Nizhnyaya Tavda","CodigoPais":"RU"},
{"Id":977,"Pais":"Indonesia","Ciudad":"Karangtanjung","CodigoPais":"ID"},
{"Id":978,"Pais":"France","Ciudad":"Nantes","CodigoPais":"FR"},
{"Id":979,"Pais":"China","Ciudad":"Su’ao","CodigoPais":"CN"},
{"Id":980,"Pais":"Philippines","Ciudad":"San Luis","CodigoPais":"PH"},
{"Id":981,"Pais":"China","Ciudad":"Dayin","CodigoPais":"CN"},
{"Id":982,"Pais":"China","Ciudad":"Fengxi","CodigoPais":"CN"},
{"Id":983,"Pais":"Indonesia","Ciudad":"Berbek","CodigoPais":"ID"},
{"Id":984,"Pais":"China","Ciudad":"Dongshi","CodigoPais":"CN"},
{"Id":985,"Pais":"France","Ciudad":"Angers","CodigoPais":"FR"},
{"Id":986,"Pais":"Myanmar","Ciudad":"Dawei","CodigoPais":"MM"},
{"Id":987,"Pais":"Poland","Ciudad":"Kampinos","CodigoPais":"PL"},
{"Id":988,"Pais":"Ukraine","Ciudad":"Varva","CodigoPais":"UA"},
{"Id":989,"Pais":"China","Ciudad":"Xiaozhang","CodigoPais":"CN"},
{"Id":990,"Pais":"Indonesia","Ciudad":"Bunga Mas","CodigoPais":"ID"},
{"Id":991,"Pais":"Latvia","Ciudad":"Ape","CodigoPais":"LV"},
{"Id":992,"Pais":"South Africa","Ciudad":"Clanwilliam","CodigoPais":"ZA"},
{"Id":993,"Pais":"Taiwan","Ciudad":"Zhubei","CodigoPais":"TW"},
{"Id":994,"Pais":"Russia","Ciudad":"Yumaguzino","CodigoPais":"RU"},
{"Id":995,"Pais":"China","Ciudad":"Longfeng","CodigoPais":"CN"},
{"Id":996,"Pais":"China","Ciudad":"Shouzhan","CodigoPais":"CN"},
{"Id":997,"Pais":"Switzerland","Ciudad":"Bern","CodigoPais":"CH"},
{"Id":998,"Pais":"Brazil","Ciudad":"Louveira","CodigoPais":"BR"},
{"Id":999,"Pais":"Jamaica","Ciudad":"Port Maria","CodigoPais":"JM"},
{"Id":1000,"Pais":"Philippines","Ciudad":"Tariji","CodigoPais":"PH"}]