[{"id":1,"slogan":"extend back-end functionalities","size":"S","price":"£124.03","color":"Orange","manofacturer":{"name":"Quimm","logo":"https://robohash.org/nullarepellendusqui.jpg?size=50x50&set=set1","location":{"country":"China","city":"Guangdu"}}},
{"id":2,"slogan":"deliver dot-com platforms","size":"2XL","price":"$162.67","color":"Orange","manofacturer":{"name":"InnoZ","logo":"https://robohash.org/distinctiooccaecatiipsum.bmp?size=50x50&set=set1","location":{"country":"China","city":"Meilin"}}},
{"id":3,"slogan":"leverage vertical models","size":"S","price":"¥617.07","color":"Pink","manofacturer":{"name":"Shufflester","logo":"https://robohash.org/blanditiisquiquas.bmp?size=50x50&set=set1","location":{"country":"Indonesia","city":"Luan Balu"}}},
{"id":4,"slogan":"monetize vertical portals","size":"XL","price":"$753.23","color":"Pink","manofacturer":{"name":"Brightdog","logo":"https://robohash.org/animinecessitatibushic.png?size=50x50&set=set1","location":{"country":"Kenya","city":"Mbale"}}},
{"id":5,"slogan":"deliver proactive niches","size":"L","price":"€524,28","color":"Indigo","manofacturer":{"name":"Omba","logo":"https://robohash.org/quietsunt.jpg?size=50x50&set=set1","location":{"country":"Canada","city":"Adstock"}}},
{"id":6,"slogan":"incentivize ubiquitous technologies","size":"XS","price":"$59.38","color":"Orange","manofacturer":{"name":"Yamia","logo":"https://robohash.org/eaquisvoluptatem.png?size=50x50&set=set1","location":{"country":"Italy","city":"Napoli"}}},
{"id":7,"slogan":"disintermediate clicks-and-mortar platforms","size":"M","price":"£96.45","color":"Red","manofacturer":{"name":"Muxo","logo":"https://robohash.org/laudantiumdoloretenetur.png?size=50x50&set=set1","location":{"country":"Sweden","city":"Lindome"}}},
{"id":8,"slogan":"streamline e-business synergies","size":"XS","price":"$245.39","color":"Blue","manofacturer":{"name":"Edgepulse","logo":"https://robohash.org/quoquomaxime.jpg?size=50x50&set=set1","location":{"country":"Russia","city":"Blagodarnyy"}}},
{"id":9,"slogan":"generate mission-critical ROI","size":"M","price":"£426.65","color":"Purple","manofacturer":{"name":"Youspan","logo":"https://robohash.org/blanditiisdoloremincidunt.jpg?size=50x50&set=set1","location":{"country":"Mongolia","city":"Höshigiyn-Ar"}}},
{"id":10,"slogan":"streamline turn-key experiences","size":"S","price":"$785.13","color":"Purple","manofacturer":{"name":"Teklist","logo":"https://robohash.org/ipsumsuscipitdignissimos.bmp?size=50x50&set=set1","location":{"country":"China","city":"Liuche"}}},
{"id":11,"slogan":"deliver plug-and-play experiences","size":"XL","price":"£614.69","color":"Khaki","manofacturer":{"name":"Skiptube","logo":"https://robohash.org/voluptatembeataemolestiae.bmp?size=50x50&set=set1","location":{"country":"Mongolia","city":"Bürenhayrhan"}}},
{"id":12,"slogan":"envisioneer 24/365 vortals","size":"XL","price":"£139.02","color":"Yellow","manofacturer":{"name":"Voonix","logo":"https://robohash.org/molestiaelaudantiumnemo.jpg?size=50x50&set=set1","location":{"country":"Sierra Leone","city":"Motema"}}},
{"id":13,"slogan":"implement killer portals","size":"L","price":"¥235.64","color":"Maroon","manofacturer":{"name":"Rhycero","logo":"https://robohash.org/authicperferendis.bmp?size=50x50&set=set1","location":{"country":"Russia","city":"Sel’tso"}}},
{"id":14,"slogan":"matrix 24/7 partnerships","size":"3XL","price":"¥162.04","color":"Teal","manofacturer":{"name":"Zoomzone","logo":"https://robohash.org/eiusvoluptasdolorum.jpg?size=50x50&set=set1","location":{"country":"Argentina","city":"Oncativo"}}},
{"id":15,"slogan":"reintermediate ubiquitous e-markets","size":"3XL","price":"€247,71","color":"Blue","manofacturer":{"name":"Youspan","logo":"https://robohash.org/delectusfugiatnobis.jpg?size=50x50&set=set1","location":{"country":"Brazil","city":"Ponta Grossa"}}},
{"id":16,"slogan":"target interactive platforms","size":"XL","price":"€333,75","color":"Pink","manofacturer":{"name":"Skynoodle","logo":"https://robohash.org/iuresedrem.png?size=50x50&set=set1","location":{"country":"China","city":"Wenquan"}}},
{"id":17,"slogan":"engage frictionless eyeballs","size":"M","price":"£519.18","color":"Orange","manofacturer":{"name":"Meeveo","logo":"https://robohash.org/animireiciendisprovident.bmp?size=50x50&set=set1","location":{"country":"Nicaragua","city":"Chinandega"}}},
{"id":18,"slogan":"monetize enterprise ROI","size":"S","price":"¥404.15","color":"Puce","manofacturer":{"name":"Feednation","logo":"https://robohash.org/rerumlaudantiumbeatae.jpg?size=50x50&set=set1","location":{"country":"Ukraine","city":"Verblyany"}}},
{"id":19,"slogan":"embrace holistic initiatives","size":"2XL","price":"$501.31","color":"Purple","manofacturer":{"name":"Einti","logo":"https://robohash.org/commodiarchitectout.bmp?size=50x50&set=set1","location":{"country":"Turkmenistan","city":"Mary"}}},
{"id":20,"slogan":"utilize interactive functionalities","size":"L","price":"¥446.24","color":"Maroon","manofacturer":{"name":"LiveZ","logo":"https://robohash.org/evenietquidemcupiditate.jpg?size=50x50&set=set1","location":{"country":"China","city":"Xingtan"}}},
{"id":21,"slogan":"e-enable sexy partnerships","size":"M","price":"€724,78","color":"Mauv","manofacturer":{"name":"Twitterbridge","logo":"https://robohash.org/velitetoccaecati.png?size=50x50&set=set1","location":{"country":"Peru","city":"Pucallpa"}}},
{"id":22,"slogan":"generate front-end supply-chains","size":"XL","price":"£632.91","color":"Blue","manofacturer":{"name":"Oyoyo","logo":"https://robohash.org/quodfugiatveritatis.bmp?size=50x50&set=set1","location":{"country":"Iran","city":"Jongīyeh"}}},
{"id":23,"slogan":"streamline collaborative methodologies","size":"S","price":"$227.26","color":"Orange","manofacturer":{"name":"Jaloo","logo":"https://robohash.org/voluptasaliquidearum.png?size=50x50&set=set1","location":{"country":"France","city":"Paris 16"}}},
{"id":24,"slogan":"exploit compelling methodologies","size":"2XL","price":"$220.15","color":"Yellow","manofacturer":{"name":"Oyope","logo":"https://robohash.org/minusanimieos.bmp?size=50x50&set=set1","location":{"country":"Philippines","city":"Buliran Segundo"}}},
{"id":25,"slogan":"strategize frictionless systems","size":"S","price":"£502.49","color":"Khaki","manofacturer":{"name":"Rooxo","logo":"https://robohash.org/cupiditateetsunt.jpg?size=50x50&set=set1","location":{"country":"Portugal","city":"Monte Redondo"}}},
{"id":26,"slogan":"revolutionize transparent deliverables","size":"M","price":"¥575.27","color":"Orange","manofacturer":{"name":"Photofeed","logo":"https://robohash.org/advoluptasquam.png?size=50x50&set=set1","location":{"country":"Serbia","city":"Mošorin"}}},
{"id":27,"slogan":"strategize 24/7 e-business","size":"XL","price":"$558.26","color":"Violet","manofacturer":{"name":"Skipstorm","logo":"https://robohash.org/undeaspernaturdoloribus.bmp?size=50x50&set=set1","location":{"country":"Thailand","city":"Tan Sum"}}},
{"id":28,"slogan":"aggregate world-class e-commerce","size":"3XL","price":"$732.53","color":"Puce","manofacturer":{"name":"Vitz","logo":"https://robohash.org/quasveroprovident.jpg?size=50x50&set=set1","location":{"country":"Poland","city":"Ostrowite"}}},
{"id":29,"slogan":"incentivize one-to-one networks","size":"L","price":"£834.00","color":"Indigo","manofacturer":{"name":"Plajo","logo":"https://robohash.org/excepturiquodab.bmp?size=50x50&set=set1","location":{"country":"Nicaragua","city":"Santa Teresa"}}},
{"id":30,"slogan":"syndicate e-business niches","size":"L","price":"¥373.97","color":"Violet","manofacturer":{"name":"Skynoodle","logo":"https://robohash.org/quieosaliquid.bmp?size=50x50&set=set1","location":{"country":"Guatemala","city":"San José"}}},
{"id":31,"slogan":"harness seamless initiatives","size":"XS","price":"$254.29","color":"Goldenrod","manofacturer":{"name":"Zoombeat","logo":"https://robohash.org/enimfugalaborum.png?size=50x50&set=set1","location":{"country":"China","city":"Gao’an"}}},
{"id":32,"slogan":"synergize cross-platform mindshare","size":"XL","price":"$282.16","color":"Purple","manofacturer":{"name":"Plambee","logo":"https://robohash.org/esseautperferendis.jpg?size=50x50&set=set1","location":{"country":"Ukraine","city":"Hadyach"}}},
{"id":33,"slogan":"engage end-to-end portals","size":"S","price":"¥770.47","color":"Crimson","manofacturer":{"name":"Zoomzone","logo":"https://robohash.org/etaspernaturquas.jpg?size=50x50&set=set1","location":{"country":"China","city":"Changtang"}}},
{"id":34,"slogan":"syndicate one-to-one mindshare","size":"M","price":"$462.19","color":"Pink","manofacturer":{"name":"Vinder","logo":"https://robohash.org/fugiatminusconsequatur.jpg?size=50x50&set=set1","location":{"country":"China","city":"Yanmenguan"}}},
{"id":35,"slogan":"cultivate e-business niches","size":"S","price":"$393.15","color":"Pink","manofacturer":{"name":"Skyba","logo":"https://robohash.org/dolorumnihilasperiores.png?size=50x50&set=set1","location":{"country":"Iran","city":"Bandar ‘Abbās"}}},
{"id":36,"slogan":"brand impactful vortals","size":"2XL","price":"$373.25","color":"Green","manofacturer":{"name":"Yodo","logo":"https://robohash.org/autvoluptatesarchitecto.jpg?size=50x50&set=set1","location":{"country":"Ukraine","city":"Komarno"}}},
{"id":37,"slogan":"grow robust infomediaries","size":"L","price":"£812.74","color":"Green","manofacturer":{"name":"Jabbercube","logo":"https://robohash.org/voluptatemidut.png?size=50x50&set=set1","location":{"country":"Poland","city":"Ludwin"}}},
{"id":38,"slogan":"innovate bricks-and-clicks methodologies","size":"2XL","price":"¥450.60","color":"Maroon","manofacturer":{"name":"Rhynyx","logo":"https://robohash.org/doloreintempora.png?size=50x50&set=set1","location":{"country":"Angola","city":"N’dalatando"}}},
{"id":39,"slogan":"reintermediate integrated platforms","size":"XL","price":"¥557.73","color":"Purple","manofacturer":{"name":"Yodo","logo":"https://robohash.org/quisquameumat.png?size=50x50&set=set1","location":{"country":"China","city":"Daqin Tal"}}},
{"id":40,"slogan":"target virtual channels","size":"XS","price":"¥832.38","color":"Blue","manofacturer":{"name":"Npath","logo":"https://robohash.org/quiafacerequi.jpg?size=50x50&set=set1","location":{"country":"Colombia","city":"Guamal"}}},
{"id":41,"slogan":"engage viral web-readiness","size":"XS","price":"$632.03","color":"Red","manofacturer":{"name":"Cogidoo","logo":"https://robohash.org/corporisiustoipsum.jpg?size=50x50&set=set1","location":{"country":"Indonesia","city":"Jarada"}}},
{"id":42,"slogan":"cultivate one-to-one models","size":"3XL","price":"€450,82","color":"Aquamarine","manofacturer":{"name":"Topiczoom","logo":"https://robohash.org/etmodiincidunt.bmp?size=50x50&set=set1","location":{"country":"China","city":"Caikouji"}}},
{"id":43,"slogan":"drive e-business relationships","size":"L","price":"$783.07","color":"Crimson","manofacturer":{"name":"Quaxo","logo":"https://robohash.org/voluptatumaliasdebitis.bmp?size=50x50&set=set1","location":{"country":"Russia","city":"Shimanovsk"}}},
{"id":44,"slogan":"seize front-end niches","size":"S","price":"€18,04","color":"Maroon","manofacturer":{"name":"Gabcube","logo":"https://robohash.org/nonaddolorem.jpg?size=50x50&set=set1","location":{"country":"Brazil","city":"Capão da Canoa"}}},
{"id":45,"slogan":"embrace dynamic channels","size":"3XL","price":"€421,16","color":"Turquoise","manofacturer":{"name":"Roodel","logo":"https://robohash.org/doloreaalias.bmp?size=50x50&set=set1","location":{"country":"China","city":"Shalang"}}},
{"id":46,"slogan":"iterate out-of-the-box niches","size":"2XL","price":"$338.64","color":"Goldenrod","manofacturer":{"name":"Blogspan","logo":"https://robohash.org/repellendusquisvoluptas.jpg?size=50x50&set=set1","location":{"country":"Indonesia","city":"Kedungdowo"}}},
{"id":47,"slogan":"grow bricks-and-clicks e-tailers","size":"M","price":"¥684.08","color":"Fuscia","manofacturer":{"name":"Bluezoom","logo":"https://robohash.org/nihilquiut.bmp?size=50x50&set=set1","location":{"country":"Indonesia","city":"Sukasada"}}},
{"id":48,"slogan":"syndicate sexy deliverables","size":"L","price":"$777.30","color":"Mauv","manofacturer":{"name":"Rhynoodle","logo":"https://robohash.org/utlaborepariatur.bmp?size=50x50&set=set1","location":{"country":"China","city":"Zhentou"}}},
{"id":49,"slogan":"enable best-of-breed infomediaries","size":"S","price":"$700.95","color":"Pink","manofacturer":{"name":"Rhyzio","logo":"https://robohash.org/numquamdolordistinctio.png?size=50x50&set=set1","location":{"country":"Norway","city":"Kristiansand S"}}},
{"id":50,"slogan":"reinvent robust mindshare","size":"M","price":"$885.88","color":"Pink","manofacturer":{"name":"Photobug","logo":"https://robohash.org/quiaeosamet.jpg?size=50x50&set=set1","location":{"country":"Thailand","city":"Prakhon Chai"}}},
{"id":51,"slogan":"expedite sexy portals","size":"M","price":"$491.77","color":"Purple","manofacturer":{"name":"InnoZ","logo":"https://robohash.org/maioresdoloresin.bmp?size=50x50&set=set1","location":{"country":"China","city":"Zhenjiang"}}},
{"id":52,"slogan":"productize robust technologies","size":"XS","price":"€766,61","color":"Goldenrod","manofacturer":{"name":"Twitterwire","logo":"https://robohash.org/ameteaquevelit.bmp?size=50x50&set=set1","location":{"country":"United States","city":"Kissimmee"}}},
{"id":53,"slogan":"aggregate compelling e-business","size":"XS","price":"€591,69","color":"Mauv","manofacturer":{"name":"Skinix","logo":"https://robohash.org/molestiaeomnishic.jpg?size=50x50&set=set1","location":{"country":"Cape Verde","city":"Tarrafal de São Nicolau"}}},
{"id":54,"slogan":"innovate distributed channels","size":"M","price":"$828.85","color":"Teal","manofacturer":{"name":"Riffpath","logo":"https://robohash.org/doloremquesuntipsa.jpg?size=50x50&set=set1","location":{"country":"China","city":"Duofudu"}}},
{"id":55,"slogan":"revolutionize vertical action-items","size":"XL","price":"£102.56","color":"Teal","manofacturer":{"name":"Ntags","logo":"https://robohash.org/consequaturautconsectetur.png?size=50x50&set=set1","location":{"country":"Spain","city":"Badajoz"}}},
{"id":56,"slogan":"deploy intuitive mindshare","size":"XS","price":"¥803.46","color":"Violet","manofacturer":{"name":"Edgetag","logo":"https://robohash.org/blanditiisdoloremquemodi.png?size=50x50&set=set1","location":{"country":"Portugal","city":"Montijo"}}},
{"id":57,"slogan":"orchestrate integrated web services","size":"3XL","price":"€668,65","color":"Green","manofacturer":{"name":"Tekfly","logo":"https://robohash.org/saepeisteet.bmp?size=50x50&set=set1","location":{"country":"Portugal","city":"Boleiros"}}},
{"id":58,"slogan":"evolve real-time paradigms","size":"3XL","price":"¥275.08","color":"Khaki","manofacturer":{"name":"Npath","logo":"https://robohash.org/aliquidnemoab.jpg?size=50x50&set=set1","location":{"country":"Argentina","city":"Necochea"}}},
{"id":59,"slogan":"empower impactful functionalities","size":"L","price":"€206,27","color":"Crimson","manofacturer":{"name":"Avaveo","logo":"https://robohash.org/quosnonsunt.png?size=50x50&set=set1","location":{"country":"Denmark","city":"København"}}},
{"id":60,"slogan":"brand real-time systems","size":"XL","price":"¥894.26","color":"Mauv","manofacturer":{"name":"Lazz","logo":"https://robohash.org/quibusdameumiure.jpg?size=50x50&set=set1","location":{"country":"France","city":"Lyon"}}},
{"id":61,"slogan":"monetize compelling initiatives","size":"XS","price":"€355,60","color":"Teal","manofacturer":{"name":"Thoughtbeat","logo":"https://robohash.org/estnonnobis.png?size=50x50&set=set1","location":{"country":"Sweden","city":"Stockholm"}}},
{"id":62,"slogan":"incentivize turn-key technologies","size":"S","price":"¥370.63","color":"Puce","manofacturer":{"name":"Demivee","logo":"https://robohash.org/delectusrecusandaeaut.jpg?size=50x50&set=set1","location":{"country":"Brazil","city":"Jacutinga"}}},
{"id":63,"slogan":"embrace cross-media experiences","size":"XS","price":"$85.92","color":"Indigo","manofacturer":{"name":"Dablist","logo":"https://robohash.org/sitquoet.jpg?size=50x50&set=set1","location":{"country":"Morocco","city":"Tazemmourt"}}},
{"id":64,"slogan":"e-enable bleeding-edge e-business","size":"2XL","price":"€633,19","color":"Crimson","manofacturer":{"name":"Brainlounge","logo":"https://robohash.org/maximeetaperiam.png?size=50x50&set=set1","location":{"country":"Netherlands","city":"Terneuzen"}}},
{"id":65,"slogan":"matrix impactful infrastructures","size":"L","price":"€390,91","color":"Maroon","manofacturer":{"name":"Dabtype","logo":"https://robohash.org/quisimiliqueprovident.bmp?size=50x50&set=set1","location":{"country":"Russia","city":"Kineshma"}}},
{"id":66,"slogan":"cultivate vertical partnerships","size":"M","price":"¥745.16","color":"Yellow","manofacturer":{"name":"Voonix","logo":"https://robohash.org/perspiciatisfugiatfuga.bmp?size=50x50&set=set1","location":{"country":"China","city":"Fatou"}}},
{"id":67,"slogan":"deploy leading-edge infrastructures","size":"M","price":"$782.91","color":"Blue","manofacturer":{"name":"Zoonder","logo":"https://robohash.org/consecteturquicommodi.bmp?size=50x50&set=set1","location":{"country":"China","city":"Gaxung"}}},
{"id":68,"slogan":"architect open-source vortals","size":"3XL","price":"£373.62","color":"Crimson","manofacturer":{"name":"Myworks","logo":"https://robohash.org/illocumtemporibus.jpg?size=50x50&set=set1","location":{"country":"Indonesia","city":"Ciheras"}}},
{"id":69,"slogan":"enable bleeding-edge e-commerce","size":"XS","price":"¥555.34","color":"Pink","manofacturer":{"name":"Yakitri","logo":"https://robohash.org/rerumoditsit.png?size=50x50&set=set1","location":{"country":"Philippines","city":"Malayal"}}},
{"id":70,"slogan":"transition revolutionary partnerships","size":"S","price":"€263,38","color":"Red","manofacturer":{"name":"Mynte","logo":"https://robohash.org/voluptatemdeseruntet.png?size=50x50&set=set1","location":{"country":"Philippines","city":"Mataya"}}},
{"id":71,"slogan":"repurpose sticky models","size":"3XL","price":"€71,90","color":"Blue","manofacturer":{"name":"Kamba","logo":"https://robohash.org/accusantiumexercitationemaccusamus.png?size=50x50&set=set1","location":{"country":"China","city":"Nandu"}}},
{"id":72,"slogan":"visualize intuitive methodologies","size":"2XL","price":"€700,16","color":"Khaki","manofacturer":{"name":"Realblab","logo":"https://robohash.org/quiaautarchitecto.bmp?size=50x50&set=set1","location":{"country":"Russia","city":"Izborsk"}}},
{"id":73,"slogan":"grow bricks-and-clicks e-business","size":"M","price":"€159,95","color":"Pink","manofacturer":{"name":"Quaxo","logo":"https://robohash.org/inplaceatexplicabo.png?size=50x50&set=set1","location":{"country":"Ukraine","city":"Kharkiv"}}},
{"id":74,"slogan":"evolve bleeding-edge web-readiness","size":"XL","price":"¥454.57","color":"Violet","manofacturer":{"name":"Kamba","logo":"https://robohash.org/estvoluptatibusassumenda.bmp?size=50x50&set=set1","location":{"country":"China","city":"Qilin"}}},
{"id":75,"slogan":"matrix innovative models","size":"XL","price":"€311,53","color":"Mauv","manofacturer":{"name":"Browsetype","logo":"https://robohash.org/autestperspiciatis.bmp?size=50x50&set=set1","location":{"country":"Japan","city":"Kanekomachi"}}},
{"id":76,"slogan":"architect bleeding-edge schemas","size":"L","price":"¥405.94","color":"Goldenrod","manofacturer":{"name":"Gabvine","logo":"https://robohash.org/sedmagnifuga.jpg?size=50x50&set=set1","location":{"country":"Indonesia","city":"Cikuya"}}},
{"id":77,"slogan":"matrix mission-critical relationships","size":"XL","price":"£826.23","color":"Turquoise","manofacturer":{"name":"Skynoodle","logo":"https://robohash.org/autemminimaaut.jpg?size=50x50&set=set1","location":{"country":"Bolivia","city":"Villamontes"}}},
{"id":78,"slogan":"innovate back-end metrics","size":"S","price":"¥209.56","color":"Red","manofacturer":{"name":"Podcat","logo":"https://robohash.org/voluptatedolorquas.bmp?size=50x50&set=set1","location":{"country":"Portugal","city":"Vale"}}},
{"id":79,"slogan":"engage out-of-the-box metrics","size":"XS","price":"¥32.86","color":"Green","manofacturer":{"name":"Kwimbee","logo":"https://robohash.org/hicexcepturiquis.jpg?size=50x50&set=set1","location":{"country":"South Africa","city":"Zeerust"}}},
{"id":80,"slogan":"enhance dot-com functionalities","size":"3XL","price":"£771.49","color":"Indigo","manofacturer":{"name":"Buzzshare","logo":"https://robohash.org/ametmaioresdignissimos.png?size=50x50&set=set1","location":{"country":"Czech Republic","city":"Řehlovice"}}},
{"id":81,"slogan":"unleash B2C web-readiness","size":"3XL","price":"¥664.81","color":"Violet","manofacturer":{"name":"Miboo","logo":"https://robohash.org/consequaturquiaea.bmp?size=50x50&set=set1","location":{"country":"France","city":"Aulnay-sous-Bois"}}},
{"id":82,"slogan":"repurpose holistic web-readiness","size":"M","price":"¥340.46","color":"Goldenrod","manofacturer":{"name":"Tavu","logo":"https://robohash.org/dignissimosametqui.jpg?size=50x50&set=set1","location":{"country":"Indonesia","city":"Malausma Kidul"}}},
{"id":83,"slogan":"e-enable mission-critical e-services","size":"2XL","price":"€482,40","color":"Yellow","manofacturer":{"name":"Jaxnation","logo":"https://robohash.org/exercitationemeosprovident.png?size=50x50&set=set1","location":{"country":"Brazil","city":"Buritizeiro"}}},
{"id":84,"slogan":"disintermediate e-business e-services","size":"L","price":"$314.91","color":"Mauv","manofacturer":{"name":"Realblab","logo":"https://robohash.org/etreiciendisoccaecati.png?size=50x50&set=set1","location":{"country":"Peru","city":"Yuyapichis"}}},
{"id":85,"slogan":"maximize best-of-breed functionalities","size":"S","price":"€97,21","color":"Crimson","manofacturer":{"name":"Dynabox","logo":"https://robohash.org/beataecommodiaccusantium.bmp?size=50x50&set=set1","location":{"country":"Thailand","city":"Taphan Hin"}}},
{"id":86,"slogan":"evolve e-business web services","size":"2XL","price":"$387.65","color":"Fuscia","manofacturer":{"name":"Skinix","logo":"https://robohash.org/corporisomnisvoluptas.png?size=50x50&set=set1","location":{"country":"China","city":"Beizi"}}},
{"id":87,"slogan":"streamline clicks-and-mortar portals","size":"M","price":"£720.34","color":"Maroon","manofacturer":{"name":"Yacero","logo":"https://robohash.org/velitdoloresit.png?size=50x50&set=set1","location":{"country":"Indonesia","city":"Putukrejo"}}},
{"id":88,"slogan":"empower next-generation technologies","size":"2XL","price":"€657,61","color":"Crimson","manofacturer":{"name":"Trupe","logo":"https://robohash.org/quiofficiisvoluptas.jpg?size=50x50&set=set1","location":{"country":"Indonesia","city":"Sambirejo"}}},
{"id":89,"slogan":"morph strategic schemas","size":"M","price":"¥279.64","color":"Fuscia","manofacturer":{"name":"Realfire","logo":"https://robohash.org/impeditutassumenda.png?size=50x50&set=set1","location":{"country":"Serbia","city":"Topola"}}},
{"id":90,"slogan":"envisioneer back-end synergies","size":"S","price":"¥835.58","color":"Khaki","manofacturer":{"name":"Katz","logo":"https://robohash.org/esteligendirepellat.png?size=50x50&set=set1","location":{"country":"China","city":"Tuncheng"}}},
{"id":91,"slogan":"embrace efficient solutions","size":"3XL","price":"£701.33","color":"Yellow","manofacturer":{"name":"Yotz","logo":"https://robohash.org/ipsuminventoreeius.png?size=50x50&set=set1","location":{"country":"China","city":"Sunjia"}}},
{"id":92,"slogan":"morph end-to-end channels","size":"M","price":"€481,09","color":"Maroon","manofacturer":{"name":"Leexo","logo":"https://robohash.org/quinihileos.bmp?size=50x50&set=set1","location":{"country":"Madagascar","city":"Ankazondandy"}}},
{"id":93,"slogan":"enhance compelling bandwidth","size":"M","price":"¥190.55","color":"Red","manofacturer":{"name":"Shuffletag","logo":"https://robohash.org/istenecessitatibusqui.jpg?size=50x50&set=set1","location":{"country":"Indonesia","city":"Pasolapida"}}},
{"id":94,"slogan":"recontextualize vertical users","size":"M","price":"£634.00","color":"Red","manofacturer":{"name":"Dabfeed","logo":"https://robohash.org/quisquibusdamet.png?size=50x50&set=set1","location":{"country":"Indonesia","city":"Loa Janan"}}},
{"id":95,"slogan":"seize end-to-end markets","size":"M","price":"€861,49","color":"Blue","manofacturer":{"name":"Avamm","logo":"https://robohash.org/saepeliberonemo.png?size=50x50&set=set1","location":{"country":"Sri Lanka","city":"Kalmunai"}}},
{"id":96,"slogan":"unleash plug-and-play markets","size":"XS","price":"$70.84","color":"Purple","manofacturer":{"name":"Pixope","logo":"https://robohash.org/omnisillumvoluptatem.bmp?size=50x50&set=set1","location":{"country":"Egypt","city":"Damanhūr"}}},
{"id":97,"slogan":"integrate strategic eyeballs","size":"3XL","price":"$275.85","color":"Khaki","manofacturer":{"name":"Mynte","logo":"https://robohash.org/accusamusinillo.bmp?size=50x50&set=set1","location":{"country":"Peru","city":"Socabaya"}}},
{"id":98,"slogan":"morph B2B web-readiness","size":"S","price":"€277,00","color":"Khaki","manofacturer":{"name":"Browsecat","logo":"https://robohash.org/ducimuseaqueadipisci.bmp?size=50x50&set=set1","location":{"country":"Norway","city":"Oslo"}}},
{"id":99,"slogan":"whiteboard B2B functionalities","size":"XL","price":"£671.76","color":"Fuscia","manofacturer":{"name":"Trudoo","logo":"https://robohash.org/voluptatumnullavoluptatem.png?size=50x50&set=set1","location":{"country":"Indonesia","city":"Krajan Winong"}}},
{"id":100,"slogan":"deliver cross-media convergence","size":"S","price":"$698.00","color":"Turquoise","manofacturer":{"name":"Kwilith","logo":"https://robohash.org/dolorestemporadolor.jpg?size=50x50&set=set1","location":{"country":"Indonesia","city":"Raci Kulon"}}},
{"id":101,"slogan":"morph magnetic systems","size":"3XL","price":"£441.68","color":"Fuscia","manofacturer":{"name":"Feedspan","logo":"https://robohash.org/reprehenderitestnisi.bmp?size=50x50&set=set1","location":{"country":"China","city":"Tianchi"}}},
{"id":102,"slogan":"embrace interactive e-services","size":"S","price":"£596.54","color":"Crimson","manofacturer":{"name":"Tavu","logo":"https://robohash.org/suntlaborumdistinctio.bmp?size=50x50&set=set1","location":{"country":"Madagascar","city":"Ifanadiana"}}},
{"id":103,"slogan":"target value-added solutions","size":"L","price":"$853.57","color":"Mauv","manofacturer":{"name":"Vipe","logo":"https://robohash.org/estsitad.jpg?size=50x50&set=set1","location":{"country":"Czech Republic","city":"Prachatice"}}},
{"id":104,"slogan":"scale viral e-tailers","size":"M","price":"€227,21","color":"Goldenrod","manofacturer":{"name":"Skipfire","logo":"https://robohash.org/rembeataesimilique.bmp?size=50x50&set=set1","location":{"country":"Philippines","city":"Victoria"}}},
{"id":105,"slogan":"deploy best-of-breed infrastructures","size":"2XL","price":"$641.88","color":"Maroon","manofacturer":{"name":"Gabtune","logo":"https://robohash.org/officiiseaqueoccaecati.png?size=50x50&set=set1","location":{"country":"China","city":"Jiahe"}}},
{"id":106,"slogan":"benchmark 24/365 users","size":"L","price":"£514.90","color":"Khaki","manofacturer":{"name":"Realcube","logo":"https://robohash.org/quoistetenetur.png?size=50x50&set=set1","location":{"country":"Portugal","city":"Mira"}}},
{"id":107,"slogan":"embrace mission-critical synergies","size":"2XL","price":"£823.34","color":"Blue","manofacturer":{"name":"Zoozzy","logo":"https://robohash.org/cumporrodoloremque.jpg?size=50x50&set=set1","location":{"country":"Vietnam","city":"Núi Sập"}}},
{"id":108,"slogan":"seize real-time partnerships","size":"L","price":"¥745.39","color":"Purple","manofacturer":{"name":"Camimbo","logo":"https://robohash.org/autnonillo.png?size=50x50&set=set1","location":{"country":"South Africa","city":"Westonaria"}}},
{"id":109,"slogan":"generate compelling partnerships","size":"XL","price":"$322.09","color":"Yellow","manofacturer":{"name":"Vitz","logo":"https://robohash.org/idconsequaturprovident.png?size=50x50&set=set1","location":{"country":"Aland Islands","city":"Kumlinge"}}},
{"id":110,"slogan":"revolutionize proactive supply-chains","size":"XL","price":"€70,40","color":"Puce","manofacturer":{"name":"Skivee","logo":"https://robohash.org/quipossimusaut.jpg?size=50x50&set=set1","location":{"country":"Russia","city":"Taldan"}}},
{"id":111,"slogan":"empower visionary e-services","size":"3XL","price":"¥319.19","color":"Pink","manofacturer":{"name":"Eire","logo":"https://robohash.org/inventorelaudantiumnam.bmp?size=50x50&set=set1","location":{"country":"Greece","city":"Anáfi"}}},
{"id":112,"slogan":"iterate seamless communities","size":"2XL","price":"$868.21","color":"Pink","manofacturer":{"name":"Gabtype","logo":"https://robohash.org/inventorequamiste.jpg?size=50x50&set=set1","location":{"country":"Indonesia","city":"Ngkiong"}}},
{"id":113,"slogan":"synergize efficient e-commerce","size":"XL","price":"£841.93","color":"Turquoise","manofacturer":{"name":"Mudo","logo":"https://robohash.org/adipiscinonfugiat.jpg?size=50x50&set=set1","location":{"country":"Ukraine","city":"Lyuboml’"}}},
{"id":114,"slogan":"implement back-end e-business","size":"S","price":"$763.11","color":"Indigo","manofacturer":{"name":"Twitterwire","logo":"https://robohash.org/facereeligendilaborum.png?size=50x50&set=set1","location":{"country":"Portugal","city":"Carvoeira"}}},
{"id":115,"slogan":"streamline integrated applications","size":"3XL","price":"€561,11","color":"Blue","manofacturer":{"name":"Meeveo","logo":"https://robohash.org/velitsuntad.bmp?size=50x50&set=set1","location":{"country":"Namibia","city":"Lüderitz"}}},
{"id":116,"slogan":"deliver revolutionary vortals","size":"XS","price":"$373.70","color":"Orange","manofacturer":{"name":"Avavee","logo":"https://robohash.org/commodicupiditatelaboriosam.bmp?size=50x50&set=set1","location":{"country":"Uzbekistan","city":"Parkent"}}},
{"id":117,"slogan":"implement distributed platforms","size":"XL","price":"£753.73","color":"Red","manofacturer":{"name":"Zoonder","logo":"https://robohash.org/natussintofficiis.jpg?size=50x50&set=set1","location":{"country":"United States","city":"Milwaukee"}}},
{"id":118,"slogan":"facilitate open-source e-business","size":"S","price":"€804,46","color":"Fuscia","manofacturer":{"name":"Gevee","logo":"https://robohash.org/estpraesentiumvoluptatibus.jpg?size=50x50&set=set1","location":{"country":"China","city":"Longbo"}}},
{"id":119,"slogan":"exploit clicks-and-mortar models","size":"S","price":"¥492.40","color":"Orange","manofacturer":{"name":"Ntags","logo":"https://robohash.org/deseruntaliaspraesentium.jpg?size=50x50&set=set1","location":{"country":"Bhutan","city":"Tsirang"}}},
{"id":120,"slogan":"exploit leading-edge web-readiness","size":"XS","price":"¥655.42","color":"Goldenrod","manofacturer":{"name":"Twiyo","logo":"https://robohash.org/corporisperspiciatisautem.jpg?size=50x50&set=set1","location":{"country":"Nigeria","city":"Wasagu"}}},
{"id":121,"slogan":"synthesize holistic infrastructures","size":"3XL","price":"€863,61","color":"Mauv","manofacturer":{"name":"Feedbug","logo":"https://robohash.org/etnemoqui.png?size=50x50&set=set1","location":{"country":"Ukraine","city":"Yabluniv"}}},
{"id":122,"slogan":"unleash granular e-tailers","size":"S","price":"€706,24","color":"Green","manofacturer":{"name":"Cogidoo","logo":"https://robohash.org/voluptatemidperferendis.bmp?size=50x50&set=set1","location":{"country":"Pakistan","city":"Hāfizābād"}}},
{"id":123,"slogan":"morph web-enabled metrics","size":"3XL","price":"€114,03","color":"Purple","manofacturer":{"name":"Bubblebox","logo":"https://robohash.org/ipsumpossimusvelit.jpg?size=50x50&set=set1","location":{"country":"Russia","city":"Noginsk"}}},
{"id":124,"slogan":"innovate granular infomediaries","size":"XS","price":"¥278.14","color":"Violet","manofacturer":{"name":"Ntag","logo":"https://robohash.org/rationeasperiorescum.jpg?size=50x50&set=set1","location":{"country":"Portugal","city":"Cimo de Vila"}}},
{"id":125,"slogan":"incentivize cutting-edge portals","size":"XS","price":"£755.82","color":"Indigo","manofacturer":{"name":"Kwimbee","logo":"https://robohash.org/minimasuntaut.bmp?size=50x50&set=set1","location":{"country":"France","city":"Grenoble"}}},
{"id":126,"slogan":"enhance visionary interfaces","size":"M","price":"£442.80","color":"Indigo","manofacturer":{"name":"Quire","logo":"https://robohash.org/accusantiumducimusexpedita.png?size=50x50&set=set1","location":{"country":"Venezuela","city":"Cabudare"}}},
{"id":127,"slogan":"disintermediate virtual networks","size":"L","price":"¥304.97","color":"Purple","manofacturer":{"name":"Pixoboo","logo":"https://robohash.org/laboriosamminusvoluptas.png?size=50x50&set=set1","location":{"country":"Canada","city":"Coaticook"}}},
{"id":128,"slogan":"unleash back-end systems","size":"S","price":"€515,33","color":"Indigo","manofacturer":{"name":"Riffpedia","logo":"https://robohash.org/autvoluptatemtotam.bmp?size=50x50&set=set1","location":{"country":"Indonesia","city":"Temuji"}}},
{"id":129,"slogan":"revolutionize interactive deliverables","size":"M","price":"¥397.79","color":"Yellow","manofacturer":{"name":"Youspan","logo":"https://robohash.org/essedelectusexplicabo.png?size=50x50&set=set1","location":{"country":"Indonesia","city":"Karang"}}},
{"id":130,"slogan":"implement web-enabled partnerships","size":"S","price":"$514.32","color":"Orange","manofacturer":{"name":"Zoonder","logo":"https://robohash.org/pariaturconsecteturid.png?size=50x50&set=set1","location":{"country":"Barbados","city":"Bridgetown"}}},
{"id":131,"slogan":"iterate plug-and-play e-markets","size":"2XL","price":"¥230.48","color":"Teal","manofacturer":{"name":"Fivechat","logo":"https://robohash.org/uttenetureos.jpg?size=50x50&set=set1","location":{"country":"Thailand","city":"Kaeng Khoi"}}},
{"id":132,"slogan":"deliver holistic methodologies","size":"3XL","price":"$878.54","color":"Maroon","manofacturer":{"name":"Skipfire","logo":"https://robohash.org/rerumquiquia.png?size=50x50&set=set1","location":{"country":"Philippines","city":"Madamba"}}},
{"id":133,"slogan":"innovate bricks-and-clicks niches","size":"XS","price":"$173.78","color":"Indigo","manofacturer":{"name":"Kanoodle","logo":"https://robohash.org/ideaomnis.png?size=50x50&set=set1","location":{"country":"Indonesia","city":"Riangbao"}}},
{"id":134,"slogan":"recontextualize magnetic bandwidth","size":"XS","price":"€272,10","color":"Purple","manofacturer":{"name":"Topicware","logo":"https://robohash.org/facilisipsaperferendis.png?size=50x50&set=set1","location":{"country":"Brazil","city":"Ribeirão Preto"}}},
{"id":135,"slogan":"matrix back-end metrics","size":"XS","price":"€572,06","color":"Maroon","manofacturer":{"name":"Flipbug","logo":"https://robohash.org/adquasidolorem.bmp?size=50x50&set=set1","location":{"country":"Russia","city":"Novouzensk"}}},
{"id":136,"slogan":"repurpose one-to-one e-services","size":"3XL","price":"£546.54","color":"Pink","manofacturer":{"name":"Dynazzy","logo":"https://robohash.org/eosexplaceat.jpg?size=50x50&set=set1","location":{"country":"Brazil","city":"Ananindeua"}}},
{"id":137,"slogan":"facilitate 24/7 applications","size":"XS","price":"£271.59","color":"Turquoise","manofacturer":{"name":"Podcat","logo":"https://robohash.org/debitiseumminima.jpg?size=50x50&set=set1","location":{"country":"Argentina","city":"San Salvador de Jujuy"}}},
{"id":138,"slogan":"productize mission-critical systems","size":"S","price":"¥796.25","color":"Aquamarine","manofacturer":{"name":"Dynava","logo":"https://robohash.org/laboreofficiisimpedit.jpg?size=50x50&set=set1","location":{"country":"Georgia","city":"Akhaldaba"}}},
{"id":139,"slogan":"syndicate viral deliverables","size":"3XL","price":"£386.75","color":"Maroon","manofacturer":{"name":"Jabberstorm","logo":"https://robohash.org/praesentiumsedeum.png?size=50x50&set=set1","location":{"country":"France","city":"Angoulême"}}},
{"id":140,"slogan":"monetize magnetic e-commerce","size":"L","price":"¥521.73","color":"Teal","manofacturer":{"name":"Centimia","logo":"https://robohash.org/aliasinab.jpg?size=50x50&set=set1","location":{"country":"Peru","city":"Simbal"}}},
{"id":141,"slogan":"brand front-end users","size":"L","price":"€486,00","color":"Fuscia","manofacturer":{"name":"Yodel","logo":"https://robohash.org/autnisieum.bmp?size=50x50&set=set1","location":{"country":"Venezuela","city":"San Casimiro"}}},
{"id":142,"slogan":"unleash open-source communities","size":"M","price":"¥231.68","color":"Purple","manofacturer":{"name":"Brainverse","logo":"https://robohash.org/omnisutrerum.png?size=50x50&set=set1","location":{"country":"Papua New Guinea","city":"Vanimo"}}},
{"id":143,"slogan":"aggregate clicks-and-mortar vortals","size":"L","price":"€705,24","color":"Khaki","manofacturer":{"name":"Twitterworks","logo":"https://robohash.org/suntnatusplaceat.png?size=50x50&set=set1","location":{"country":"Poland","city":"Gozdnica"}}},
{"id":144,"slogan":"scale wireless e-services","size":"3XL","price":"£514.04","color":"Red","manofacturer":{"name":"Digitube","logo":"https://robohash.org/evenietcupiditateconsectetur.png?size=50x50&set=set1","location":{"country":"China","city":"Yuxi"}}},
{"id":145,"slogan":"implement end-to-end interfaces","size":"2XL","price":"£335.57","color":"Crimson","manofacturer":{"name":"Zoovu","logo":"https://robohash.org/etquiabeatae.png?size=50x50&set=set1","location":{"country":"Brazil","city":"Brejo da Madre de Deus"}}},
{"id":146,"slogan":"morph front-end infrastructures","size":"S","price":"¥544.68","color":"Indigo","manofacturer":{"name":"Yodel","logo":"https://robohash.org/illumexsapiente.png?size=50x50&set=set1","location":{"country":"China","city":"Chengqiao"}}},
{"id":147,"slogan":"grow collaborative initiatives","size":"XS","price":"€35,23","color":"Maroon","manofacturer":{"name":"Buzzdog","logo":"https://robohash.org/eligendivoluptateiure.jpg?size=50x50&set=set1","location":{"country":"Sierra Leone","city":"Zimmi"}}},
{"id":148,"slogan":"reintermediate cross-media schemas","size":"L","price":"£271.89","color":"Khaki","manofacturer":{"name":"Livetube","logo":"https://robohash.org/corporissintquo.jpg?size=50x50&set=set1","location":{"country":"China","city":"Yinglong"}}},
{"id":149,"slogan":"synthesize collaborative mindshare","size":"L","price":"¥709.40","color":"Khaki","manofacturer":{"name":"Fivebridge","logo":"https://robohash.org/veritatisdoloressed.bmp?size=50x50&set=set1","location":{"country":"China","city":"Huangxi"}}},
{"id":150,"slogan":"enhance frictionless infrastructures","size":"2XL","price":"€681,41","color":"Purple","manofacturer":{"name":"Jamia","logo":"https://robohash.org/nemononut.png?size=50x50&set=set1","location":{"country":"Czech Republic","city":"Katovice"}}},
{"id":151,"slogan":"monetize front-end e-commerce","size":"3XL","price":"£417.96","color":"Pink","manofacturer":{"name":"Dabshots","logo":"https://robohash.org/temporibusconsequaturnulla.bmp?size=50x50&set=set1","location":{"country":"Sri Lanka","city":"Talawakele"}}},
{"id":152,"slogan":"expedite innovative platforms","size":"L","price":"£697.16","color":"Mauv","manofacturer":{"name":"Rhynyx","logo":"https://robohash.org/velatquenihil.jpg?size=50x50&set=set1","location":{"country":"Libya","city":"Giado"}}},
{"id":153,"slogan":"aggregate rich web services","size":"3XL","price":"£656.58","color":"Puce","manofacturer":{"name":"Muxo","logo":"https://robohash.org/atqueutomnis.jpg?size=50x50&set=set1","location":{"country":"Costa Rica","city":"Turrialba"}}},
{"id":154,"slogan":"redefine visionary mindshare","size":"3XL","price":"$744.80","color":"Pink","manofacturer":{"name":"Meevee","logo":"https://robohash.org/adoloremerror.bmp?size=50x50&set=set1","location":{"country":"China","city":"Baicheng"}}},
{"id":155,"slogan":"engage front-end deliverables","size":"XL","price":"¥801.93","color":"Turquoise","manofacturer":{"name":"Skaboo","logo":"https://robohash.org/aliquidilloperspiciatis.jpg?size=50x50&set=set1","location":{"country":"France","city":"Sallanches"}}},
{"id":156,"slogan":"incubate efficient infrastructures","size":"2XL","price":"€211,46","color":"Yellow","manofacturer":{"name":"Chatterpoint","logo":"https://robohash.org/excepturinecessitatibuspossimus.bmp?size=50x50&set=set1","location":{"country":"East Timor","city":"Maubara"}}},
{"id":157,"slogan":"implement cutting-edge convergence","size":"3XL","price":"¥549.45","color":"Goldenrod","manofacturer":{"name":"Skipstorm","logo":"https://robohash.org/illoeosquas.jpg?size=50x50&set=set1","location":{"country":"China","city":"Baisha"}}},
{"id":158,"slogan":"strategize rich synergies","size":"M","price":"£569.72","color":"Orange","manofacturer":{"name":"Plajo","logo":"https://robohash.org/temporibusvelut.png?size=50x50&set=set1","location":{"country":"Greece","city":"Kónitsa"}}},
{"id":159,"slogan":"grow out-of-the-box supply-chains","size":"S","price":"€488,11","color":"Pink","manofacturer":{"name":"Quimm","logo":"https://robohash.org/etautporro.jpg?size=50x50&set=set1","location":{"country":"United States","city":"Fort Smith"}}},
{"id":160,"slogan":"recontextualize intuitive infrastructures","size":"2XL","price":"£886.47","color":"Yellow","manofacturer":{"name":"Mita","logo":"https://robohash.org/illoullamporro.bmp?size=50x50&set=set1","location":{"country":"Nigeria","city":"Opi"}}},
{"id":161,"slogan":"utilize holistic ROI","size":"M","price":"$714.51","color":"Goldenrod","manofacturer":{"name":"Camido","logo":"https://robohash.org/sitconsecteturmollitia.jpg?size=50x50&set=set1","location":{"country":"Poland","city":"Czarna Białostocka"}}},
{"id":162,"slogan":"evolve visionary relationships","size":"M","price":"¥197.23","color":"Purple","manofacturer":{"name":"Gabvine","logo":"https://robohash.org/itaqueteneturfugiat.bmp?size=50x50&set=set1","location":{"country":"Russia","city":"Pervomayskiy"}}},
{"id":163,"slogan":"reinvent plug-and-play communities","size":"3XL","price":"€180,82","color":"Aquamarine","manofacturer":{"name":"Camido","logo":"https://robohash.org/facilisdebitisnatus.bmp?size=50x50&set=set1","location":{"country":"Mexico","city":"Independencia"}}},
{"id":164,"slogan":"architect turn-key e-markets","size":"XS","price":"£750.73","color":"Blue","manofacturer":{"name":"Dabshots","logo":"https://robohash.org/omniseligendivoluptate.bmp?size=50x50&set=set1","location":{"country":"China","city":"Tiemen"}}},
{"id":165,"slogan":"engage turn-key portals","size":"XL","price":"£722.22","color":"Indigo","manofacturer":{"name":"Kimia","logo":"https://robohash.org/ideumvoluptatem.jpg?size=50x50&set=set1","location":{"country":"Tunisia","city":"Akouda"}}},
{"id":166,"slogan":"implement front-end schemas","size":"L","price":"€404,95","color":"Puce","manofacturer":{"name":"Kare","logo":"https://robohash.org/aututvero.bmp?size=50x50&set=set1","location":{"country":"Indonesia","city":"Wadi Kidul"}}},
{"id":167,"slogan":"redefine scalable users","size":"2XL","price":"$368.16","color":"Goldenrod","manofacturer":{"name":"Wikibox","logo":"https://robohash.org/estametmaxime.png?size=50x50&set=set1","location":{"country":"Iraq","city":"Kufa"}}},
{"id":168,"slogan":"empower customized infomediaries","size":"3XL","price":"£622.69","color":"Purple","manofacturer":{"name":"Brainsphere","logo":"https://robohash.org/quisimiliquenesciunt.bmp?size=50x50&set=set1","location":{"country":"Sweden","city":"Göteborg"}}},
{"id":169,"slogan":"brand virtual convergence","size":"S","price":"$506.67","color":"Mauv","manofacturer":{"name":"Avaveo","logo":"https://robohash.org/voluptatemquissed.jpg?size=50x50&set=set1","location":{"country":"Japan","city":"Kobayashi"}}},
{"id":170,"slogan":"extend leading-edge communities","size":"M","price":"¥820.16","color":"Puce","manofacturer":{"name":"Oyoloo","logo":"https://robohash.org/quosquidemillo.png?size=50x50&set=set1","location":{"country":"Indonesia","city":"Belung Satu"}}},
{"id":171,"slogan":"streamline user-centric applications","size":"XL","price":"$354.83","color":"Mauv","manofacturer":{"name":"Rhycero","logo":"https://robohash.org/officiisdebitisnatus.png?size=50x50&set=set1","location":{"country":"Ecuador","city":"Latacunga"}}},
{"id":172,"slogan":"leverage open-source functionalities","size":"M","price":"£711.03","color":"Fuscia","manofacturer":{"name":"Avamm","logo":"https://robohash.org/etiuresed.png?size=50x50&set=set1","location":{"country":"China","city":"Jiesheng"}}},
{"id":173,"slogan":"incentivize intuitive eyeballs","size":"2XL","price":"€594,58","color":"Khaki","manofacturer":{"name":"Muxo","logo":"https://robohash.org/eumdoloreid.png?size=50x50&set=set1","location":{"country":"China","city":"Qianzhou"}}},
{"id":174,"slogan":"scale synergistic eyeballs","size":"XS","price":"€736,94","color":"Khaki","manofacturer":{"name":"Topiclounge","logo":"https://robohash.org/sitofficiacommodi.bmp?size=50x50&set=set1","location":{"country":"China","city":"Jiehu"}}},
{"id":175,"slogan":"reintermediate distributed action-items","size":"2XL","price":"£883.32","color":"Maroon","manofacturer":{"name":"Meedoo","logo":"https://robohash.org/molestiasnullaea.jpg?size=50x50&set=set1","location":{"country":"Portugal","city":"Carregado"}}},
{"id":176,"slogan":"incubate collaborative schemas","size":"2XL","price":"£339.81","color":"Yellow","manofacturer":{"name":"Plajo","logo":"https://robohash.org/sequidoloribusvoluptatem.png?size=50x50&set=set1","location":{"country":"Philippines","city":"Gamay"}}},
{"id":177,"slogan":"transition bricks-and-clicks action-items","size":"S","price":"¥205.98","color":"Crimson","manofacturer":{"name":"Thoughtsphere","logo":"https://robohash.org/doloreisteminima.jpg?size=50x50&set=set1","location":{"country":"Portugal","city":"Funchalinho"}}},
{"id":178,"slogan":"productize magnetic users","size":"3XL","price":"¥568.78","color":"Purple","manofacturer":{"name":"Tanoodle","logo":"https://robohash.org/cumqueipsadoloribus.png?size=50x50&set=set1","location":{"country":"China","city":"Yinghua"}}},
{"id":179,"slogan":"monetize global systems","size":"L","price":"€510,57","color":"Crimson","manofacturer":{"name":"Devcast","logo":"https://robohash.org/recusandaeautemesse.jpg?size=50x50&set=set1","location":{"country":"France","city":"Décines-Charpieu"}}},
{"id":180,"slogan":"seize wireless metrics","size":"M","price":"¥196.83","color":"Goldenrod","manofacturer":{"name":"Snaptags","logo":"https://robohash.org/delenitiiddoloribus.bmp?size=50x50&set=set1","location":{"country":"Ukraine","city":"Urzuf"}}},
{"id":181,"slogan":"optimize frictionless models","size":"XL","price":"£727.84","color":"Khaki","manofacturer":{"name":"Trupe","logo":"https://robohash.org/laboriosamdelectusrecusandae.bmp?size=50x50&set=set1","location":{"country":"Brazil","city":"Pereira Barreto"}}},
{"id":182,"slogan":"utilize transparent e-services","size":"3XL","price":"€819,33","color":"Pink","manofacturer":{"name":"Zoozzy","logo":"https://robohash.org/debitissaepeimpedit.bmp?size=50x50&set=set1","location":{"country":"China","city":"Wuxihe"}}},
{"id":183,"slogan":"matrix holistic infrastructures","size":"3XL","price":"¥85.81","color":"Turquoise","manofacturer":{"name":"Gigazoom","logo":"https://robohash.org/reiciendishicblanditiis.jpg?size=50x50&set=set1","location":{"country":"China","city":"Yashan"}}},
{"id":184,"slogan":"embrace best-of-breed infomediaries","size":"3XL","price":"$166.42","color":"Orange","manofacturer":{"name":"Livetube","logo":"https://robohash.org/autemundein.bmp?size=50x50&set=set1","location":{"country":"China","city":"Huicheng"}}},
{"id":185,"slogan":"brand back-end convergence","size":"3XL","price":"¥892.24","color":"Aquamarine","manofacturer":{"name":"Livetube","logo":"https://robohash.org/quisporrosint.bmp?size=50x50&set=set1","location":{"country":"Sweden","city":"Nynäshamn"}}},
{"id":186,"slogan":"monetize one-to-one partnerships","size":"3XL","price":"€859,18","color":"Turquoise","manofacturer":{"name":"Jaxworks","logo":"https://robohash.org/necessitatibuscupiditateearum.png?size=50x50&set=set1","location":{"country":"China","city":"Taihe"}}},
{"id":187,"slogan":"synergize B2C web-readiness","size":"M","price":"¥149.09","color":"Teal","manofacturer":{"name":"Livetube","logo":"https://robohash.org/velitlaboriosamnumquam.bmp?size=50x50&set=set1","location":{"country":"Palestinian Territory","city":"Jammā‘īn"}}},
{"id":188,"slogan":"enhance magnetic systems","size":"S","price":"€778,72","color":"Pink","manofacturer":{"name":"Skajo","logo":"https://robohash.org/consequaturullammagnam.png?size=50x50&set=set1","location":{"country":"Thailand","city":"Khanu Woralaksaburi"}}},
{"id":189,"slogan":"target distributed applications","size":"S","price":"¥262.30","color":"Blue","manofacturer":{"name":"Eabox","logo":"https://robohash.org/laudantiumsimiliquedoloremque.jpg?size=50x50&set=set1","location":{"country":"Ukraine","city":"Selydove"}}},
{"id":190,"slogan":"iterate web-enabled e-markets","size":"M","price":"$706.25","color":"Aquamarine","manofacturer":{"name":"Vitz","logo":"https://robohash.org/autemquissimilique.png?size=50x50&set=set1","location":{"country":"Indonesia","city":"Candi Prambanan"}}},
{"id":191,"slogan":"visualize integrated relationships","size":"M","price":"€154,47","color":"Violet","manofacturer":{"name":"Photobean","logo":"https://robohash.org/adomnisquod.png?size=50x50&set=set1","location":{"country":"Malaysia","city":"Tawau"}}},
{"id":192,"slogan":"implement enterprise communities","size":"L","price":"¥713.14","color":"Blue","manofacturer":{"name":"Yoveo","logo":"https://robohash.org/repellendustotamut.jpg?size=50x50&set=set1","location":{"country":"Spain","city":"Pamplona/Iruña"}}},
{"id":193,"slogan":"reinvent best-of-breed deliverables","size":"XS","price":"$490.15","color":"Goldenrod","manofacturer":{"name":"Kimia","logo":"https://robohash.org/corporisvelfuga.bmp?size=50x50&set=set1","location":{"country":"China","city":"Fazhan"}}},
{"id":194,"slogan":"aggregate e-business content","size":"XL","price":"$894.71","color":"Aquamarine","manofacturer":{"name":"Riffwire","logo":"https://robohash.org/hicveritatisex.png?size=50x50&set=set1","location":{"country":"Tunisia","city":"Midoun"}}},
{"id":195,"slogan":"recontextualize integrated infrastructures","size":"XL","price":"¥757.43","color":"Purple","manofacturer":{"name":"Gevee","logo":"https://robohash.org/modiquoeligendi.bmp?size=50x50&set=set1","location":{"country":"Philippines","city":"Damatulan"}}},
{"id":196,"slogan":"whiteboard customized convergence","size":"S","price":"¥163.07","color":"Purple","manofacturer":{"name":"Realbridge","logo":"https://robohash.org/mollitiarationesuscipit.bmp?size=50x50&set=set1","location":{"country":"United States","city":"Sacramento"}}},
{"id":197,"slogan":"enhance holistic platforms","size":"M","price":"£37.00","color":"Red","manofacturer":{"name":"Linklinks","logo":"https://robohash.org/rerumassumendaearum.jpg?size=50x50&set=set1","location":{"country":"Portugal","city":"Couto"}}},
{"id":198,"slogan":"empower distributed experiences","size":"3XL","price":"€504,11","color":"Aquamarine","manofacturer":{"name":"Izio","logo":"https://robohash.org/maximereiciendisaperiam.jpg?size=50x50&set=set1","location":{"country":"China","city":"Wenfu"}}},
{"id":199,"slogan":"facilitate B2B e-services","size":"M","price":"£79.64","color":"Green","manofacturer":{"name":"Realmix","logo":"https://robohash.org/consequaturintempora.jpg?size=50x50&set=set1","location":{"country":"Burundi","city":"Bubanza"}}},
{"id":200,"slogan":"innovate 24/365 e-commerce","size":"2XL","price":"¥53.76","color":"Maroon","manofacturer":{"name":"Buzzshare","logo":"https://robohash.org/sedcupiditatenon.bmp?size=50x50&set=set1","location":{"country":"Brazil","city":"Campina Grande"}}}]